Date,NoDur,Durbl,Manuf,Enrgy,HiTec,Telcm,Shops,Hlth ,Utils,Other
1926-07,0.0145,0.1555,0.0469,-0.0118,0.029,0.0083,0.0011,0.0177,0.0704,0.0213
1926-08,0.0397,0.0368,0.0281,0.0347,0.0266,0.0217,-0.0071,0.0425,-0.0169,0.0435
1926-09,0.0114,0.048,0.0115,-0.0339,-0.0038,0.0241,0.0021,0.0069,0.0204,0.0029
1926-10,-0.0124,-0.0823,-0.0363,-0.0078,-0.0458,-0.0011,-0.0229,-0.0057,-0.0263,-0.0284
1926-11,0.052,-0.0019,0.041,0.0001,0.0471,0.0163,0.0643,0.0542,0.0371,0.0211
1926-12,0.0082,0.0989,0.0374,0.0282,-0.0002,0.0199,0.0062,0.0011,-0.0017,0.0347
1927-01,-0.0067,-0.0092,-0.0008,0.0129,-0.0113,0.0188,-0.0255,0.0505,-0.0179,0.015
1927-02,0.0337,0.0891,0.0581,0.0147,0.0445,0.0397,0.0361,0.0171,0.0453,0.0505
1927-03,0.0273,0.0162,0.0143,-0.0601,0.0145,0.0556,-0.0041,0.0101,0.0037,0.0122
1927-04,0.0335,0.0315,0.0077,-0.0517,0.054,-0.0213,0.0443,0.0274,0.0171,0.0083
1927-05,0.0814,0.0593,0.0507,0.0482,0.0737,0.0335,0.0234,0.0412,0.0921,0.0654
1927-06,-0.0179,-0.03,-0.0277,-0.0316,0.0328,-0.0214,-0.0062,0.0054,-0.0357,-0.0215
1927-07,0.0481,0.1309,0.1207,0.0285,0.1216,0.0373,0.0984,0.0984,0.0531,0.0604
1927-08,0.0276,0.0698,0.0289,-0.0004,0.0571,0.0043,0.0734,0.0028,0.0343,-0.0103
1927-09,0.0524,0.0567,0.0476,0.0332,0.0121,0.0653,0.075,0.0565,0.0829,0.0459
1927-10,-0.008,-0.0438,-0.0669,-0.0204,-0.0723,-0.0209,-0.0493,0.0513,-0.0434,-0.0382
1927-11,0.0681,0.0639,0.1084,0.0416,0.108,0.0283,0.1167,0.0368,0.0632,0.045
1927-12,0.0246,0.0777,0.0308,0.0089,0.0122,0.0133,-0.0068,-0.0046,0.0224,0.0196
1928-01,0.0052,-0.0334,-0.0058,-0.0186,-0.0039,0.003,-0.0088,0.0269,0.0587,-0.0101
1928-02,-0.0417,0.0126,-0.0188,-0.0022,-0.0046,-0.003,-0.0112,-0.0138,-0.0068,-0.0202
1928-03,0.0439,0.2749,0.0819,0.0532,0.1942,0.0196,0.0849,0.1054,0.0662,0.0604
1928-04,-0.0046,0.0146,0.015,0.1512,0.0223,0.0322,0.0,0.0235,0.1094,0.0431
1928-05,0.0088,0.0565,0.0353,-0.0529,0.023,0.0661,0.0379,0.0927,0.0151,0.0
1928-06,-0.0442,-0.0408,-0.0493,-0.0407,-0.0503,-0.0522,-0.034,-0.0315,-0.0343,-0.0429
1928-07,0.0168,0.0094,0.0199,0.0105,0.0065,-0.0128,0.0544,0.0239,-0.0124,-0.0035
1928-08,0.0611,0.0904,0.0867,0.0241,0.0975,0.0455,0.1353,0.1457,0.0646,0.0475
1928-09,0.0114,0.0788,0.0417,0.0534,0.0066,0.0015,0.0017,-0.0114,0.0376,0.0101
1928-10,0.009,0.0008,0.0433,0.0204,0.0185,0.0297,0.059,0.0005,-0.0189,-0.0043
1928-11,0.0662,0.0451,0.1308,0.1723,0.1956,0.0668,0.1529,0.0505,0.2193,0.0996
1928-12,-0.0052,-0.0122,0.0309,-0.0436,0.0713,-0.0038,-0.0132,-0.0041,0.0157,0.004
1929-01,0.0338,0.013,0.11,-0.0759,0.1046,0.1338,-0.0388,0.0343,0.1317,0.0556
1929-02,-0.0262,-0.0003,0.0342,-0.001,-0.0071,-0.0115,-0.0241,0.0005,-0.0199,0.0002
1929-03,-0.0463,-0.0188,-0.0183,0.1103,0.045,0.0429,-0.0513,-0.015,-0.0317,-0.0217
1929-04,0.018,-0.0098,0.0229,0.0074,0.0178,0.0339,0.0375,0.0148,0.0513,0.0046
1929-05,-0.0394,-0.1505,-0.0978,-0.0557,0.0033,-0.0877,-0.0865,-0.0784,0.048,-0.0001
1929-06,0.0536,0.0701,0.1351,0.0114,0.1718,0.137,0.0947,0.0452,0.2347,0.0575
1929-07,0.0323,-0.0295,0.0409,0.0016,0.0924,0.1368,0.0104,0.0259,0.0914,0.0657
1929-08,0.0477,0.03,0.0943,0.1136,0.1254,0.1098,0.0779,0.0309,0.0905,0.0773
1929-09,-0.036,-0.0835,-0.0717,-0.0295,-0.0756,-0.0137,-0.0547,-0.0702,0.0132,-0.064
1929-10,-0.1064,-0.2894,-0.1961,-0.1007,-0.2773,-0.1539,-0.2397,-0.1802,-0.3004,-0.1176
1929-11,-0.0844,-0.1731,-0.1413,-0.0642,-0.1924,-0.0947,-0.1234,-0.079,-0.1464,-0.0957
1929-12,0.0064,0.049,0.015,-0.0118,0.1078,0.0101,-0.0603,0.0111,0.0794,-0.0049
1930-01,0.057,0.0595,0.069,-0.0076,0.1061,0.012,0.0469,0.0255,0.0725,0.0489
1930-02,0.0215,0.0244,0.0214,-0.0449,0.0775,0.0706,-0.0513,0.0315,0.0857,0.0325
1930-03,0.0211,0.1137,0.0688,0.1794,0.0812,0.0879,-0.0244,0.0599,0.0972,0.0484
1930-04,0.0054,-0.0781,-0.0742,0.0655,0.0197,-0.0452,0.0263,-0.0127,0.0334,-0.0644
1930-05,0.0136,0.0412,-0.0174,-0.0373,-0.044,0.004,-0.0017,-0.0149,-0.0133,-0.0096
1930-06,-0.1104,-0.2227,-0.1641,-0.1547,-0.1974,-0.0834,-0.1626,-0.1334,-0.1906,-0.117
1930-07,0.0314,0.121,0.0475,0.0518,0.0407,0.0127,0.027,0.0652,0.0406,0.0344
1930-08,0.0198,-0.0189,-0.0006,-0.032,0.0221,0.0174,0.0496,0.0771,0.0118,-0.0038
1930-09,-0.0896,-0.1673,-0.137,-0.1546,-0.1824,-0.0527,-0.1091,-0.087,-0.1192,-0.1051
1930-10,-0.0485,-0.1164,-0.0991,-0.0837,-0.1735,-0.0412,-0.0861,-0.0437,-0.0828,-0.0843
1930-11,0.0018,0.0537,-0.0042,-0.0372,-0.0326,-0.0327,0.0274,-0.0323,-0.0874,-0.0517
1930-12,-0.0459,-0.0126,-0.0821,-0.1232,-0.1076,-0.038,-0.1344,-0.0679,-0.0369,-0.088
1931-01,0.054,0.0802,0.0347,0.0531,0.0524,0.0479,0.0719,0.0823,0.0553,0.1189
1931-02,0.0681,0.1737,0.1285,0.0577,0.2238,0.0595,0.1479,0.0781,0.1527,0.0547
1931-03,-0.0169,-0.0381,-0.0677,-0.1426,-0.0776,-0.0358,-0.0327,0.018,-0.0294,-0.094
1931-04,-0.0529,-0.0787,-0.1415,-0.1345,-0.1304,-0.0425,-0.0484,-0.0362,-0.0904,-0.0989
1931-05,-0.1101,-0.1608,-0.1642,-0.1254,-0.1292,-0.0894,-0.0327,-0.1026,-0.1115,-0.1739
1931-06,0.1073,0.1463,0.1738,0.1757,0.1869,0.1021,0.0786,0.0969,0.11,0.1622
1931-07,-0.0381,-0.021,-0.1023,-0.0363,-0.1038,-0.0487,-0.0153,0.0261,-0.0539,-0.0986
1931-08,-0.0065,-0.0278,-0.0015,0.0948,0.0371,0.0082,0.0302,0.0039,-0.0174,-0.0398
1931-09,-0.2469,-0.348,-0.2982,-0.2984,-0.3387,-0.2156,-0.3024,-0.2945,-0.3305,-0.265
1931-10,0.0689,0.1296,0.0618,0.1402,0.113,0.0434,0.1397,0.1126,0.1048,0.019
1931-11,-0.0435,-0.0349,-0.0831,-0.0869,-0.1416,-0.0686,-0.094,-0.0279,-0.0477,-0.1917
1931-12,-0.0951,-0.0878,-0.1533,-0.1891,-0.1354,-0.0794,-0.1517,-0.041,-0.1324,-0.1653
1932-01,0.0206,-0.069,-0.005,-0.0486,-0.1142,-0.0404,0.0079,-0.0266,-0.0252,0.0679
1932-02,0.0537,0.0209,0.0596,0.0875,0.0628,0.1163,0.0411,0.0205,0.0704,-0.0028
1932-03,-0.0598,-0.2218,-0.1436,-0.011,-0.1441,-0.099,-0.0927,-0.0641,-0.0957,-0.1596
1932-04,-0.1135,-0.2953,-0.2295,-0.1394,-0.2417,-0.1239,-0.1571,-0.1977,-0.155,-0.2236
1932-05,-0.2122,-0.1859,-0.1819,-0.0556,-0.286,-0.1081,-0.2928,-0.3408,-0.2682,-0.3002
1932-06,0.0116,-0.0782,-0.0252,0.0594,0.0699,-0.0955,-0.0059,0.1105,0.0145,-0.02
1932-07,0.247,0.4495,0.4174,0.3513,0.442,0.167,0.2711,0.2918,0.2935,0.5585
1932-08,0.2271,0.4525,0.4641,0.1949,0.4564,0.2817,0.3291,0.3587,0.4346,0.5867
1932-09,-0.0086,0.085,-0.0245,-0.1016,-0.056,0.0024,0.0306,-0.1192,-0.0465,-0.0415
1932-10,-0.1141,-0.2475,-0.1583,-0.0379,-0.1904,-0.0813,-0.1268,-0.1856,-0.1082,-0.1799
1932-11,-0.071,-0.0271,-0.103,-0.0453,-0.0825,-0.0112,-0.0561,0.0553,-0.036,-0.069
1932-12,0.0381,0.0447,0.0325,0.0005,0.0753,0.0367,0.05,0.0682,0.0912,0.0488
1933-01,0.0466,0.0083,0.0342,-0.0301,0.0143,0.0031,-0.024,-0.0113,-0.0438,0.0853
1933-02,-0.0906,-0.2448,-0.1753,-0.139,-0.2009,-0.0777,-0.1796,-0.1082,-0.1985,-0.1641
1933-03,0.1037,0.0923,0.1126,0.0439,0.0623,-0.0585,0.0853,-0.0316,-0.1279,0.0377
1933-04,0.3417,0.7979,0.572,0.3899,0.5349,0.1322,0.4245,0.3713,0.2536,0.308
1933-05,0.1271,0.2605,0.2603,0.1771,0.1982,0.1737,0.1706,0.2349,0.1929,0.3154
1933-06,0.1034,0.2075,0.1239,0.125,0.1082,0.105,0.1626,0.1039,0.1558,0.145
1933-07,-0.0661,-0.0705,-0.1136,-0.1205,-0.1107,-0.0436,-0.1346,-0.1911,-0.1358,-0.0662
1933-08,0.0986,0.2076,0.1621,0.1907,0.1289,0.0453,0.0715,-0.0038,-0.0123,0.1459
1933-09,-0.0745,-0.1532,-0.1009,-0.0269,-0.1714,-0.0356,-0.0874,-0.0131,-0.1974,-0.1639
1933-10,-0.0912,-0.1006,-0.0802,-0.0485,-0.0973,-0.0718,-0.0783,-0.0602,-0.075,-0.1091
1933-11,0.0521,0.2538,0.1273,0.1469,0.1283,0.0563,0.1445,0.094,-0.0239,0.0535
1933-12,-0.0339,0.1045,0.0461,-0.012,0.0149,-0.0375,0.0457,-0.1173,0.0105,0.047
1934-01,0.1002,0.132,0.1109,0.0872,0.1608,0.0597,0.173,0.1677,0.2052,0.1858
1934-02,-0.0498,-0.0206,-0.0316,-0.0338,-0.0631,0.0212,0.0303,-0.0359,-0.0169,-0.0188
1934-03,0.0117,-0.003,-0.0125,-0.0133,0.0318,0.0127,0.024,-0.0064,-0.018,0.0082
1934-04,0.031,-0.0685,-0.0275,-0.0199,-0.0233,-0.0125,-0.0121,0.08,-0.0375,-0.016
1934-05,-0.03,-0.1282,-0.1006,-0.0463,-0.066,-0.043,-0.0792,-0.0038,-0.0773,-0.0736
1934-06,0.0385,-0.0275,0.0425,0.012,0.0279,0.0132,0.0243,0.0204,0.0426,0.0312
1934-07,-0.0512,-0.1383,-0.1156,-0.0973,-0.1189,-0.0434,-0.0835,-0.0189,-0.1724,-0.1737
1934-08,0.0422,0.1087,0.0752,0.0612,0.0659,0.0256,0.0472,-0.0305,0.0204,0.0441
1934-09,0.0024,0.0068,-0.0113,-0.0232,-0.0032,0.019,0.0255,0.008,0.0161,-0.0037
1934-10,0.0061,-0.0208,-0.0046,-0.0469,-0.0093,-0.0156,0.0168,-0.0071,-0.0761,-0.0222
1934-11,0.085,0.1761,0.1263,0.0703,0.1352,-0.0173,0.0961,0.0407,-0.0025,0.0564
1934-12,-0.0094,0.0356,0.0221,0.0068,0.0366,-0.0059,-0.0104,0.0062,-0.0866,-0.0019
1935-01,-0.014,-0.0903,-0.0239,-0.0437,0.0113,-0.0046,-0.0527,-0.0086,-0.0316,-0.0672
1935-02,0.0161,-0.0327,-0.018,-0.0335,0.0019,0.0104,-0.0062,0.0425,-0.1216,-0.047
1935-03,-0.0463,-0.0582,-0.0479,-0.0382,-0.0414,-0.0072,-0.0433,-0.0314,0.1234,-0.0534
1935-04,0.0573,0.0573,0.0896,0.1548,0.1024,0.0913,0.0647,0.0318,0.1114,0.0875
1935-05,0.0109,0.0296,0.0186,0.0351,0.0265,0.0838,0.0253,-0.0402,0.1376,0.0388
1935-06,0.0551,0.0978,0.0651,0.0151,0.0834,0.0535,0.0628,0.0409,0.0911,0.0633
1935-07,0.0314,0.1908,0.1078,0.0013,0.096,0.0574,0.0751,0.0319,0.0922,0.0726
1935-08,-0.0156,0.0901,0.0325,-0.0189,0.0321,0.0407,0.0309,0.0029,0.0721,0.0341
1935-09,0.0169,0.1109,0.0422,-0.0333,0.0775,0.0428,-0.0057,0.0111,-0.0203,0.0062
1935-10,0.0448,0.1363,0.0585,0.1352,0.088,0.0311,0.0122,0.0597,0.1413,0.0242
1935-11,0.011,0.0349,0.0458,0.0278,0.0582,0.0972,0.0292,0.0174,0.0082,0.1323
1935-12,0.0208,0.058,0.0369,0.1409,0.0351,-0.0016,-0.0102,0.0235,0.0562,0.0429
1936-01,0.0324,0.0389,0.0561,0.1406,0.0649,0.0417,-0.0281,0.0346,0.1253,0.1217
1936-02,0.0061,0.0374,0.0556,0.0126,0.0034,0.0657,0.0099,0.0345,-0.0659,0.0281
1936-03,-0.0208,0.1019,0.0243,0.0175,-0.0005,-0.0337,0.0114,0.0352,0.0064,-0.0294
1936-04,-0.0445,-0.1015,-0.0894,-0.1028,-0.0863,-0.0566,-0.0524,-0.0919,-0.0834,-0.0741
1936-05,0.0496,0.0406,0.062,-0.0057,0.0522,0.0646,0.067,0.048,0.0952,0.074
1936-06,0.0232,0.0686,0.0129,0.0173,0.013,0.0243,0.0529,0.0129,0.0362,0.0175
1936-07,0.0297,0.0491,0.0769,0.0474,0.1205,0.0244,0.0621,0.0465,0.1159,0.0964
1936-08,0.0084,-0.0028,0.0165,-0.0067,0.0241,0.0176,0.0249,-0.0148,-0.0103,0.0185
1936-09,-0.0066,0.0326,0.0207,0.0139,-0.0125,0.0033,0.0294,0.0077,-0.0205,0.009
1936-10,0.0337,0.0508,0.0773,0.1248,0.0575,0.0509,0.1122,0.0378,0.0572,0.081
1936-11,0.0453,-0.0137,0.0544,0.0148,0.055,0.0387,0.11,0.034,-0.0286,0.0048
1936-12,-0.0142,-0.0724,0.0193,0.0924,0.0263,-0.004,-0.0814,-0.0204,-0.0163,-0.0118
1937-01,0.0245,0.0727,0.046,0.0241,0.0862,-0.0085,0.0007,0.0347,0.0261,0.0104
1937-02,0.0089,-0.005,0.0266,0.0149,-0.0132,-0.0306,0.0306,-0.0372,-0.0419,0.0478
1937-03,-0.0101,-0.0413,0.0135,0.0339,-0.0449,-0.0209,-0.0273,-0.0503,-0.0632,0.027
1937-04,-0.0638,-0.079,-0.0916,-0.053,-0.0762,-0.0525,-0.0724,-0.0332,-0.0747,-0.0683
1937-05,-0.0044,-0.0197,0.01,-0.0024,0.008,0.0153,-0.0454,0.0168,-0.0527,-0.0334
1937-06,-0.0324,-0.1077,-0.0361,-0.0266,-0.0146,0.0139,-0.0159,-0.0412,-0.0526,-0.0895
1937-07,0.0507,0.1323,0.0921,0.0842,0.0955,0.0327,0.1033,0.0414,0.1932,0.0874
1937-08,-0.0247,-0.0227,-0.0443,-0.0657,-0.0476,-0.0254,-0.0427,0.0109,-0.1018,-0.0834
1937-09,-0.0912,-0.1267,-0.1745,-0.1321,-0.1412,-0.021,-0.141,-0.1076,-0.1175,-0.1593
1937-10,-0.0706,-0.1288,-0.1387,-0.0695,-0.0719,-0.0536,-0.0704,-0.0355,-0.0488,-0.1012
1937-11,-0.0586,-0.1524,-0.0932,-0.1148,-0.0459,-0.0359,-0.1436,-0.0512,0.029,-0.0687
1937-12,-0.0227,-0.1627,-0.0242,-0.0125,-0.022,-0.0154,-0.0655,-0.0241,-0.1069,-0.0663
1938-01,0.0296,0.1105,-0.0124,0.0051,-0.0247,-0.0243,0.0592,0.0352,-0.057,0.0049
1938-02,0.0346,0.0347,0.0867,0.0942,0.0434,-0.0232,0.095,0.0861,0.0364,0.0488
1938-03,-0.1579,-0.2735,-0.2572,-0.252,-0.2772,-0.1744,-0.2219,-0.1444,-0.1961,-0.2977
1938-04,0.1227,0.1485,0.1388,0.1592,0.1676,0.1347,0.1618,0.1182,0.1478,0.1454
1938-05,-0.0023,-0.0692,-0.0689,-0.0582,-0.0299,0.0083,-0.0386,0.0171,0.0221,-0.0396
1938-06,0.132,0.3601,0.3289,0.2198,0.273,0.1242,0.2403,0.1007,0.169,0.2487
1938-07,0.0661,0.1989,0.068,0.0738,0.0585,0.0128,0.0906,0.058,0.0068,0.1001
1938-08,-0.0402,0.0597,-0.0192,-0.0882,-0.0119,0.0028,-0.024,0.0036,-0.0553,-0.0372
1938-09,0.0051,0.0069,0.0167,0.0082,0.016,0.0085,0.0006,-0.0001,0.0123,-0.0125
1938-10,0.0515,0.0649,0.1061,-0.0156,0.1008,0.0356,0.0804,0.0563,0.2109,0.1111
1938-11,-0.0249,-0.012,-0.0145,-0.0011,-0.0434,0.0065,-0.0037,0.0144,-0.0701,-0.0201
1938-12,0.0276,0.0212,0.0559,0.0486,0.0308,0.0257,0.0103,0.0085,0.0395,0.0634
1939-01,-0.0192,-0.0833,-0.0932,-0.0629,-0.075,0.0181,-0.0314,-0.0096,0.0121,-0.0866
1939-02,0.0246,0.0706,0.03,-0.0118,0.0276,0.0353,0.062,0.0372,0.0878,0.0469
1939-03,-0.0575,-0.1763,-0.1557,-0.0831,-0.1499,-0.0221,-0.0959,-0.0433,-0.1363,-0.1498
1939-04,0.0062,0.0072,-0.0132,-0.0106,-0.0271,0.0275,-0.0013,0.01,0.0303,-0.0181
1939-05,0.0547,0.0789,0.0762,0.0255,0.0828,0.0556,0.1138,0.0549,0.0661,0.0804
1939-06,-0.0204,-0.0678,-0.0638,-0.0612,-0.08,-0.0379,-0.027,0.011,-0.0355,-0.0764
1939-07,0.0622,0.1758,0.129,0.0303,0.1404,0.0651,0.0871,0.0308,0.1271,0.1157
1939-08,-0.0736,-0.0694,-0.0679,-0.0391,-0.0809,-0.0419,-0.0733,-0.0543,-0.0601,-0.0999
1939-09,0.0479,0.2372,0.27,0.2556,0.1226,0.0237,0.0159,0.0707,0.036,0.2574
1939-10,0.0326,-0.014,-0.0256,-0.0393,-0.0089,0.0305,0.0577,0.0021,0.0211,-0.016
1939-11,-0.0047,-0.0292,-0.0599,-0.0614,-0.0259,0.0097,-0.0231,0.0122,-0.0149,-0.0507
1939-12,0.0317,0.0388,0.0397,-0.0008,0.0361,0.0287,0.0303,0.0377,0.0295,0.024
1940-01,0.0169,-0.0383,-0.0463,-0.0219,-0.042,-0.0012,-0.0095,-0.0179,-0.0005,-0.0268
1940-02,0.0094,0.0208,0.027,0.0097,-0.0058,0.0104,0.0251,0.0148,-0.0124,0.0088
1940-03,0.0165,0.0378,0.0154,0.0172,0.0305,0.0116,0.0308,0.019,0.0174,0.0263
1940-04,0.0175,-0.0054,0.0076,0.0018,-0.0149,0.0033,-0.0013,-0.0031,-0.0135,-0.0076
1940-05,-0.2091,-0.2604,-0.2221,-0.2447,-0.2077,-0.1413,-0.2441,-0.2121,-0.1994,-0.2404
1940-06,0.0538,0.0868,0.042,0.0567,0.0301,0.0872,0.0901,0.0491,0.1743,0.0859
1940-07,-0.0002,0.0592,0.0433,0.0319,0.05,0.0197,0.0439,-0.0052,0.0008,0.0339
1940-08,0.0134,0.0739,0.0249,0.0142,0.0331,-0.0036,0.029,-0.0229,-0.0104,0.0289
1940-09,0.0253,0.0317,0.0414,-0.0226,0.0422,0.0166,0.0332,0.0461,-0.0219,0.0248
1940-10,-0.0141,0.0394,0.041,0.063,0.0243,0.0161,0.0008,-0.03,0.0382,0.0531
1940-11,-0.0099,-0.0063,-0.0148,0.0087,-0.0281,0.0061,-0.0215,-0.0182,-0.1306,-0.0012
1940-12,0.0055,-0.0329,0.0119,0.0231,-0.0009,0.0204,0.0043,-0.0023,0.0176,0.0024
1941-01,-0.0051,-0.0922,-0.0709,-0.0214,-0.0256,-0.021,-0.0363,-0.0219,-0.0216,-0.016
1941-02,-0.0249,0.0127,-0.0204,-0.0069,-0.0034,-0.0223,-0.0253,-0.0469,-0.012,-0.0031
1941-03,0.0056,-0.017,0.0077,0.0374,0.0034,0.0178,0.0121,0.0177,-0.0333,0.018
1941-04,-0.0413,-0.1057,-0.0569,0.014,-0.0883,-0.0635,-0.0522,-0.0522,-0.0961,-0.0444
1941-05,-0.014,0.0041,0.0366,0.0546,-0.0042,0.004,0.0227,-0.0145,-0.0443,-0.0092
1941-06,0.0628,0.039,0.0648,0.0522,0.1076,0.0504,0.051,0.0672,0.0394,0.045
1941-07,0.0553,0.0397,0.0711,0.1106,0.018,-0.0038,0.0474,0.0803,0.0533,0.0753
1941-08,0.0083,0.0234,-0.0065,-0.0346,0.0074,0.0106,0.0237,0.0008,-0.0206,0.002
1941-09,0.0178,0.0414,-0.029,-0.0066,-0.0078,0.0025,0.0043,-0.0021,-0.0283,-0.0258
1941-10,-0.0704,-0.0798,-0.0643,0.0219,-0.1011,-0.0272,-0.052,-0.0369,-0.0966,-0.0413
1941-11,-0.0315,-0.0364,-0.0139,0.0313,-0.0204,-0.0403,-0.0452,-0.0293,-0.0667,-0.0154
1941-12,-0.0395,-0.1179,0.0078,-0.111,0.0047,-0.0859,-0.0983,-0.0159,-0.0748,-0.0537
1942-01,0.0254,0.0625,-0.0219,-0.0163,0.0095,-0.0137,0.0066,-0.0299,0.0407,0.0955
1942-02,-0.055,0.0515,-0.0241,-0.0583,-0.0246,-0.0057,-0.0192,-0.0535,-0.0245,-0.0187
1942-03,-0.0829,0.0142,-0.0556,-0.0824,-0.0627,-0.0691,-0.0709,-0.0554,-0.1213,-0.0898
1942-04,-0.041,-0.0437,-0.0459,-0.0357,-0.0362,-0.0732,-0.0588,-0.0445,-0.0342,-0.0202
1942-05,0.0876,0.0995,0.0175,0.0677,0.0786,0.0772,0.1175,0.1469,0.0841,0.0354
1942-06,0.0355,0.0177,0.0351,0.0442,0.0458,-0.0223,0.0254,0.0285,0.0169,0.0199
1942-07,0.0242,0.021,0.0276,0.0605,0.0181,0.0448,0.0496,0.016,-0.0043,0.0658
1942-08,0.008,0.0233,0.0134,0.0354,0.0073,0.0249,0.0171,0.0243,0.0079,0.0242
1942-09,-0.0007,0.0259,0.0325,0.0236,0.0516,0.0204,0.0067,0.0026,0.0583,0.0338
1942-10,0.0451,0.0582,0.0672,0.0962,0.0627,0.0619,0.0062,0.0413,0.1513,0.0891
1942-11,0.0271,-0.0014,-0.0236,0.0091,0.0202,0.0263,0.0666,0.0158,-0.013,-0.0206
1942-12,0.0472,0.0819,0.0527,0.0749,0.0614,0.0035,0.0273,0.0869,0.0436,0.0444
1943-01,0.0914,0.0524,0.0698,0.064,0.098,0.0378,0.0692,0.0247,0.1469,0.0706
1943-02,0.0362,0.0758,0.0523,0.0791,0.0343,0.0881,0.0308,0.0364,0.0787,0.0947
1943-03,0.0436,0.0506,0.06,0.07,0.0742,0.0062,0.0868,0.0456,0.0468,0.1009
1943-04,0.0103,0.0053,-0.0143,0.0097,0.0118,0.0416,0.0187,0.014,0.0401,0.0219
1943-05,0.0656,0.0658,0.0537,0.0569,0.0626,0.0457,0.0749,0.0513,0.0449,0.0559
1943-06,0.0205,0.0485,0.0087,0.0119,0.0242,0.0227,0.0559,0.005,0.0424,-0.008
1943-07,-0.0187,-0.097,-0.0681,-0.0286,-0.0731,-0.0018,-0.0315,-0.0326,-0.0048,-0.0519
1943-08,0.0094,0.0348,0.0067,0.011,0.0049,0.0091,0.0374,0.0026,0.0187,0.0141
1943-09,0.0218,0.0169,0.0266,0.0141,0.0518,0.0145,0.0216,0.0402,0.0387,0.0218
1943-10,-0.0027,-0.0112,-0.0084,-0.0206,-0.0343,0.0073,-0.024,0.0057,0.0056,-0.0109
1943-11,-0.0457,-0.0532,-0.0644,-0.0693,-0.0643,-0.0174,-0.045,-0.0393,-0.0837,-0.0799
1943-12,0.0614,0.0794,0.059,0.072,0.08,0.0314,0.0692,0.0394,0.0741,0.0716
1944-01,0.0397,0.0102,0.0194,0.0061,0.0063,0.0086,0.0078,0.0029,-0.0034,0.045
1944-02,-0.0053,0.0368,-0.0036,0.0009,-0.0213,0.0088,0.0105,-0.0264,0.0151,0.0207
1944-03,0.0283,0.0477,0.0227,0.0187,0.0379,0.0074,0.0228,0.0246,0.018,0.0266
1944-04,-0.0195,-0.0118,-0.0203,-0.0137,-0.0192,-0.0057,-0.01,-0.0236,-0.0092,-0.0246
1944-05,0.0533,0.0791,0.0556,0.0497,0.0363,0.0283,0.0507,0.0568,0.0278,0.0427
1944-06,0.0564,0.0931,0.071,0.0053,0.0749,0.0321,0.0583,0.0385,0.0486,0.0595
1944-07,-0.0035,-0.0493,-0.0195,-0.0121,-0.0182,-0.0037,-0.0008,-0.0124,0.0023,-0.0077
1944-08,0.0256,0.0398,0.0216,-0.0194,0.0196,0.0067,0.0312,0.0076,0.0362,0.0036
1944-09,-0.0023,0.0061,0.0055,-0.0138,-0.0065,0.0027,0.0181,0.0043,-0.0151,0.001
1944-10,-0.0003,-0.0274,-0.0033,0.0187,0.0082,0.0075,0.0044,0.0109,0.0135,0.0067
1944-11,0.0127,0.0222,0.0086,0.0263,0.0159,0.007,0.0279,0.0052,-0.0039,0.0431
1944-12,0.0203,0.0397,0.0424,0.0514,0.0464,0.0072,0.0215,0.0171,0.0312,0.0846
1945-01,0.0264,0.0137,0.028,0.0492,0.0067,-0.0211,0.0007,0.0056,0.0569,0.0062
1945-02,0.0395,0.0765,0.0695,0.0731,0.066,0.0285,0.0452,0.0425,0.0608,0.0789
1945-03,-0.03,-0.0603,-0.0478,-0.0525,-0.0381,-0.0011,-0.0137,-0.0183,-0.0308,-0.0353
1945-04,0.071,0.1115,0.0841,0.069,0.0805,0.0251,0.0716,0.0633,0.1011,0.0881
1945-05,0.0233,0.0078,0.008,-0.0087,0.0182,0.0376,0.0626,0.0411,0.0188,0.0311
1945-06,0.0089,-0.0153,-0.0015,-0.005,-0.0188,0.0262,-0.0314,-0.0465,0.0514,0.0448
1945-07,-0.0144,-0.0098,-0.0299,-0.0323,-0.0173,0.0218,-0.0011,-0.0162,-0.0037,-0.0548
1945-08,0.0772,0.0941,0.0883,0.0222,0.0974,0.0174,0.0822,0.0919,0.0106,0.0252
1945-09,0.0628,0.0274,0.0617,0.0198,0.034,0.019,0.0564,0.0651,0.0656,0.0608
1945-10,0.0677,0.002,0.0228,0.0633,0.0076,0.0236,0.0596,0.0661,0.0607,0.0576
1945-11,0.0368,0.0262,0.0484,0.0837,0.027,0.0339,0.0692,0.0858,0.0479,0.0911
1945-12,0.0129,0.0254,0.0156,-0.0024,0.0263,0.0048,0.0346,0.0153,-0.01,0.0015
1946-01,0.0485,0.0667,0.08,-0.0007,0.0645,0.0191,0.1098,0.0776,0.1082,0.0738
1946-02,-0.0482,-0.0894,-0.0609,-0.0467,-0.0736,-0.0282,-0.0423,-0.0431,-0.0571,-0.0614
1946-03,0.0635,0.0098,0.0567,0.1104,0.0215,0.0116,0.114,0.1457,0.0625,0.0468
1946-04,0.0354,0.0142,0.0433,0.0877,0.017,0.0159,0.072,0.1467,0.0431,0.0168
1946-05,0.0335,0.0514,0.0501,0.0368,0.0514,0.0282,0.019,0.0564,0.0306,0.0339
1946-06,-0.036,-0.0592,-0.0358,-0.0315,-0.0526,0.003,-0.0769,-0.0552,-0.0278,-0.0325
1946-07,-0.0075,-0.0475,-0.0327,-0.0006,-0.0329,-0.0008,-0.0299,-0.0322,-0.0361,-0.0497
1946-08,-0.0527,-0.1034,-0.0669,-0.0561,-0.0689,-0.07,-0.0483,-0.0324,-0.0535,-0.068
1946-09,-0.1068,-0.1488,-0.1039,-0.0805,-0.0979,-0.0474,-0.0688,-0.0703,-0.0891,-0.1438
1946-10,0.0039,-0.0331,-0.0188,-0.0066,-0.0282,-0.0513,-0.0225,-0.0024,0.0145,-0.0046
1946-11,-0.0131,-0.0113,0.0174,0.0056,-0.0212,0.0179,-0.0494,0.0167,0.008,0.0001
1946-12,0.0375,0.0616,0.0664,0.0439,0.0473,0.0377,0.0406,0.0723,0.0607,0.0274
1947-01,0.0023,0.109,0.009,-0.0065,0.0538,0.0103,0.0068,-0.0532,-0.0016,0.0047
1947-02,-0.0031,0.0154,-0.0068,-0.027,-0.0208,-0.0205,-0.0039,-0.0419,-0.0088,-0.0128
1947-03,-0.022,-0.027,-0.016,0.0229,-0.0229,-0.0215,-0.022,-0.0126,-0.0279,-0.0333
1947-04,-0.0668,-0.0408,-0.0574,-0.0044,-0.0521,-0.0022,-0.0797,-0.086,-0.0372,-0.0627
1947-05,-0.005,-0.0216,-0.0209,0.0252,-0.0029,-0.011,-0.0037,-0.0268,-0.0248,-0.0207
1947-06,0.0653,0.0587,0.0574,0.0776,0.0387,-0.0317,0.0988,0.0419,0.0398,0.0319
1947-07,0.0465,0.052,0.0388,0.0387,0.0634,0.0081,0.0461,0.026,0.0253,0.0599
1947-08,-0.0138,-0.0076,-0.0101,-0.023,-0.0421,0.0036,-0.0354,-0.0383,0.0026,-0.0319
1947-09,0.004,0.0017,0.007,-0.0271,0.0113,0.0084,-0.028,-0.0262,-0.0132,-0.0096
1947-10,0.0136,0.0293,0.0324,0.0524,0.0174,0.0021,0.0303,0.0122,0.0013,0.0099
1947-11,-0.0169,-0.0268,-0.012,-0.0034,-0.0055,-0.0257,-0.0241,-0.0304,-0.0758,-0.0195
1947-12,0.0069,0.0224,0.0262,0.0929,0.0248,0.0044,0.0036,0.031,0.0119,0.0372
1948-01,-0.0269,-0.0535,-0.0408,-0.0743,-0.0553,0.001,-0.0329,-0.0823,-0.0022,-0.0087
1948-02,-0.0612,-0.0542,-0.0533,-0.0296,-0.0394,-0.0106,-0.038,-0.0353,-0.0346,-0.0411
1948-03,0.0546,0.0725,0.0962,0.0993,0.111,0.0195,0.0667,0.0633,0.0661,0.0994
1948-04,0.0131,0.0117,0.0251,0.1122,-0.0059,0.0265,0.0508,0.0214,0.015,0.0325
1948-05,0.0509,0.1443,0.0787,0.0608,0.1277,0.0249,0.0857,0.0678,0.0573,0.0676
1948-06,-0.02,0.003,-0.0098,0.0349,-0.0141,0.0044,-0.013,-0.0219,0.0257,-0.0075
1948-07,-0.0167,-0.0437,-0.0499,-0.0718,-0.066,-0.0165,-0.0772,-0.0425,-0.0434,-0.0499
1948-08,0.0002,0.0112,0.0041,-0.0201,0.0307,0.0006,0.0249,-0.019,0.001,0.0153
1948-09,-0.0395,-0.0388,-0.0265,-0.0446,-0.0317,-0.0023,-0.0093,-0.0308,-0.0089,-0.0344
1948-10,0.0364,0.0795,0.0669,0.092,0.0685,0.0111,0.0414,0.0519,0.0442,0.0496
1948-11,-0.0617,-0.1187,-0.1015,-0.1218,-0.0925,-0.0206,-0.0572,-0.0574,-0.0905,-0.1058
1948-12,0.0068,0.0344,0.0404,0.0472,0.0631,0.0109,0.0153,0.0454,0.0265,0.0285
1949-01,0.0367,0.0244,0.0031,-0.0383,-0.0133,-0.0126,0.0117,0.0457,0.0476,0.0032
1949-02,-0.0193,-0.0369,-0.0343,-0.043,-0.0421,-0.003,-0.0227,-0.0093,0.0068,-0.032
1949-03,0.032,0.0342,0.0356,0.0606,0.0582,0.0136,0.0439,0.055,0.0377,0.049
1949-04,-0.0164,-0.0422,-0.0354,0.0128,-0.0371,-0.0164,-0.0164,0.0024,0.0123,-0.0152
1949-05,-0.0042,-0.0283,-0.033,-0.0563,-0.053,-0.0218,0.0019,-0.0188,-0.0058,-0.0269
1949-06,0.0102,0.0129,0.0023,-0.0118,0.0011,0.0112,0.0286,0.0216,-0.0092,-0.0138
1949-07,0.0494,0.0943,0.0594,0.0624,0.069,0.0241,0.0516,0.06,0.0473,0.0419
1949-08,0.0397,0.0231,0.0217,0.0549,0.0075,0.0098,0.015,0.0019,0.0366,0.0145
1949-09,0.0283,0.0265,0.0393,0.0303,0.0365,0.0123,0.0232,0.0186,0.0406,0.0339
1949-10,0.0153,0.0734,0.0434,0.0371,0.0374,0.0188,0.0066,0.0338,0.0132,0.0242
1949-11,0.0184,0.0475,0.0324,-0.0277,0.039,0.0167,0.021,0.0481,0.0324,0.0123
1949-12,0.0513,0.0827,0.065,0.0109,0.0917,0.0159,0.0476,0.087,0.0326,0.0718
1950-01,0.0137,0.0187,0.0198,-0.0064,0.0453,0.0186,0.0043,0.0106,0.0373,0.032
1950-02,0.0053,0.0349,0.0194,-0.0053,0.034,0.0066,0.0232,0.0192,0.0239,0.0101
1950-03,-0.0056,0.0186,0.0081,0.0485,0.0242,0.0457,-0.0017,-0.029,0.0055,-0.007
1950-04,0.0014,0.1057,0.0745,0.0323,0.0473,0.0237,-0.0036,0.0552,0.0095,0.0152
1950-05,0.0207,0.0644,0.0598,0.088,0.0023,0.0197,0.0316,0.0396,0.0183,0.0135
1950-06,-0.0569,-0.0404,-0.0655,-0.0452,-0.0796,-0.0428,-0.0442,-0.0419,-0.0763,-0.0679
1950-07,0.0044,-0.0271,0.0214,0.0881,-0.0291,-0.0133,-0.0096,-0.0694,-0.0523,0.0751
1950-08,0.0394,0.0923,0.0634,0.0432,0.0526,0.0256,0.0438,0.0368,0.0338,0.0232
1950-09,0.0488,0.0879,0.045,0.0353,0.0501,-0.0046,0.0846,0.0616,0.0449,0.0651
1950-10,-0.0037,0.0061,0.0046,0.0029,-0.0149,0.0021,0.0084,-0.0176,-0.0073,-0.0151
1950-11,0.0002,-0.0261,0.0594,0.0528,0.0264,-0.0024,0.0111,0.0468,-0.0117,0.0394
1950-12,0.0283,0.015,0.0669,0.0868,0.0388,0.0189,0.0276,0.0606,0.0359,0.1106
1951-01,0.0462,0.0922,0.0613,0.063,0.0772,0.0188,0.0362,0.031,0.0502,0.0639
1951-02,0.0096,0.028,0.0123,0.0096,0.0092,0.0411,0.0312,0.0146,0.0311,-0.0042
1951-03,-0.0277,0.0118,-0.0304,-0.0238,-0.0091,-0.011,-0.021,0.017,-0.0141,-0.0284
1951-04,0.0095,0.0342,0.0685,0.1081,0.0317,0.0085,0.0039,0.1041,0.0021,0.0375
1951-05,-0.0127,-0.0532,-0.0214,-0.0301,-0.0277,-0.0041,-0.0132,0.0157,-0.0005,-0.0327
1951-06,-0.0358,-0.0683,-0.038,0.0109,-0.016,-0.0018,-0.0271,0.0083,-0.0039,-0.0512
1951-07,0.0313,0.031,0.0844,0.1137,0.0567,0.028,0.0283,0.1446,0.0531,0.074
1951-08,0.0351,0.07,0.0487,0.0574,0.0592,0.0264,0.0264,-0.0143,0.0213,0.0345
1951-09,-0.0041,0.0266,0.0022,-0.0076,0.0334,-0.0004,0.034,-0.0182,0.0132,0.0357
1951-10,-0.0312,-0.0203,-0.0414,0.0117,-0.0635,-0.0108,-0.0311,-0.0597,0.0071,-0.0363
1951-11,-0.0006,0.0201,0.0043,-0.0079,0.0253,0.0049,0.0151,-0.0048,0.0165,0.0209
1951-12,0.0191,0.0249,0.0456,0.0472,0.0491,0.0087,-0.0027,0.0514,0.0326,0.0213
1952-01,0.0052,-0.0117,-0.003,0.066,-0.0165,0.0018,-0.0045,0.0065,0.0309,0.0332
1952-02,-0.0201,0.0046,-0.0384,-0.0339,-0.033,-0.0063,-0.0376,-0.0425,0.007,-0.0157
1952-03,0.0171,0.0833,0.0298,0.0872,0.0521,0.0126,0.0254,0.0045,0.0223,0.0584
1952-04,-0.0332,-0.03,-0.0662,-0.0765,-0.0336,-0.0075,-0.0185,-0.055,-0.018,-0.034
1952-05,0.0214,0.0401,0.0428,0.0351,0.0293,0.0103,0.0258,0.0252,0.0298,0.0294
1952-06,0.0287,0.0524,0.0432,0.0545,0.0587,0.0206,0.03,-0.0096,0.0109,0.0402
1952-07,0.0058,0.0253,0.0222,-0.0102,0.0142,0.0025,0.0194,-0.0438,0.0203,0.0113
1952-08,0.0096,0.0204,-0.0166,-0.0266,-0.0022,0.0089,-0.003,-0.0057,0.0181,-0.0014
1952-09,-0.0283,-0.0078,-0.021,-0.043,0.0104,-0.0034,-0.0077,-0.0409,0.0032,-0.0137
1952-10,-0.0088,0.012,-0.0155,0.0038,-0.0106,0.0092,-0.0109,-0.0149,0.0034,-0.0157
1952-11,0.0602,0.0652,0.087,0.0207,0.0916,0.0407,0.0454,0.0722,0.0508,0.0727
1952-12,0.0143,0.0701,0.0267,0.0455,0.0306,0.0088,0.0129,-0.0195,0.0201,0.0374
1953-01,0.0216,-0.0036,0.0066,-0.0299,-0.0231,0.0103,0.0083,-0.0511,0.0092,0.0108
1953-02,0.0174,-0.0117,-0.0098,0.0033,0.0051,-0.0043,-0.0015,0.0206,0.0051,-0.0022
1953-03,-0.0174,-0.0438,-0.0163,-0.0055,-0.0074,-0.0043,-0.0048,-0.0017,0.0015,-0.0144
1953-04,-0.0013,-0.0197,-0.0268,-0.0518,-0.0037,-0.0104,-0.008,-0.0534,-0.0294,-0.032
1953-05,0.0024,-0.0002,0.0023,0.0184,0.0115,0.0037,0.0152,-0.0004,-0.0014,0.0144
1953-06,-0.0084,-0.0333,-0.0232,-0.0008,-0.0201,0.005,-0.0219,-0.0331,-0.0298,-0.0206
1953-07,0.0272,0.0072,0.026,0.0393,0.0231,0.0094,0.0197,0.0366,0.0343,0.0143
1953-08,-0.035,-0.0636,-0.0486,-0.0636,-0.044,-0.0084,-0.0234,0.0005,-0.0035,-0.068
1953-09,0.0026,-0.0082,0.0116,-0.0192,0.0335,0.0177,0.001,0.0042,0.0165,-0.0098
1953-10,0.0069,0.0774,0.0601,0.0564,0.0724,0.0139,0.0086,0.0266,0.0445,0.0369
1953-11,0.0035,0.0049,0.0415,0.0199,0.0502,0.0226,0.0334,0.0798,0.03,0.0278
1953-12,-0.0062,-0.0121,0.0063,0.0044,0.0069,0.0053,0.0125,-0.0134,0.007,-0.0231
1954-01,0.0417,0.0528,0.0451,0.0864,0.0685,0.0189,0.0331,0.0565,0.033,0.0666
1954-02,-0.003,0.0171,0.0096,0.028,0.0501,0.0258,0.0044,-0.0019,0.0158,0.0154
1954-03,0.0137,0.0351,0.0485,0.0428,0.0884,0.0172,0.0037,0.0028,0.0294,0.0179
1954-04,0.0098,0.0409,0.0573,0.0615,0.0908,0.0196,0.0153,0.012,0.0126,0.0287
1954-05,0.0238,0.0448,0.0447,0.0297,-0.0041,0.0123,0.0285,0.0161,0.0264,0.044
1954-06,0.0057,0.0119,0.036,-0.0586,0.0971,0.0054,0.0249,-0.0243,0.0129,0.0149
1954-07,0.0639,0.0984,0.0521,0.0423,-0.005,0.0436,0.0421,0.0821,0.0542,0.0683
1954-08,-0.027,-0.0336,-0.0376,0.0052,-0.0467,-0.0143,-0.0022,-0.0256,-0.0173,-0.0227
1954-09,0.0388,0.1447,0.066,0.1001,0.0643,0.0249,0.0484,0.0282,0.0201,0.0432
1954-10,-0.0222,-0.0077,-0.0111,-0.0198,-0.0197,-0.0085,-0.0253,-0.0162,-0.0381,0.0058
1954-11,0.0609,0.0446,0.1368,0.0804,0.132,0.0343,0.084,0.1256,0.0567,0.1116
1954-12,0.0435,0.0726,0.0653,0.0647,0.0306,0.0158,0.0226,0.0612,0.0357,0.0938
1955-01,0.003,0.0054,-0.0011,0.0041,0.0349,0.008,0.0174,-0.0288,0.0145,0.0088
1955-02,0.0153,-0.0103,0.0417,0.0242,0.0442,0.0399,0.0131,0.0285,0.0365,0.0377
1955-03,-0.0084,0.0005,0.0036,-0.0023,-0.011,-0.0019,-0.014,0.0609,-0.0073,0.0094
1955-04,0.0407,0.0567,0.0434,0.0058,0.0537,0.0197,0.0183,0.0002,0.0256,0.0345
1955-05,-0.0027,-0.0111,0.03,-0.0062,0.0007,0.0129,0.0302,0.0315,-0.0014,0.0164
1955-06,0.0249,0.1009,0.0959,0.112,0.0273,0.0069,0.0443,0.0017,0.0168,0.0237
1955-07,0.0206,0.196,-0.0117,0.0276,-0.0274,0.0261,0.0204,0.0013,0.0368,-0.0143
1955-08,-0.0067,-0.0427,0.0303,-0.011,0.0086,-0.0244,0.0162,0.0015,0.0005,0.0058
1955-09,-0.0158,0.0924,-0.0075,-0.0038,-0.0422,0.0107,0.0342,-0.0317,-0.0263,-0.0271
1955-10,-0.0083,-0.0498,-0.0305,-0.0099,-0.0517,-0.0115,-0.0251,0.0082,-0.0097,-0.0261
1955-11,0.035,0.0924,0.08,0.0858,0.1012,0.0163,0.0601,0.0629,0.034,0.083
1955-12,0.012,-0.0406,0.0289,0.037,0.0485,0.0086,-0.0076,0.0623,-0.0012,-0.0064
1956-01,-0.0153,-0.0674,-0.0457,0.0054,-0.0521,0.0187,-0.0441,-0.065,-0.0034,-0.0276
1956-02,0.011,0.056,0.0488,0.0427,0.0627,0.0016,0.0281,0.0827,0.0194,0.0337
1956-03,0.0176,0.0374,0.0772,0.1144,0.1048,0.0143,0.0043,0.0726,0.0378,0.0571
1956-04,0.0086,-0.0514,0.0102,0.0362,0.0009,-0.0088,-0.0182,0.0276,-0.0217,0.0089
1956-05,-0.0325,-0.0446,-0.0617,-0.0637,-0.0528,-0.0106,-0.0455,-0.0123,-0.0072,-0.0541
1956-06,0.0066,0.0702,0.0462,0.0274,0.0712,0.0128,0.022,0.036,0.0236,0.0156
1956-07,0.0199,0.0435,0.0606,0.06,0.0528,0.0265,0.0457,0.0309,0.0524,0.0241
1956-08,-0.0138,0.0081,-0.0301,-0.0527,-0.0355,-0.0139,-0.0261,-0.0307,-0.0248,-0.0359
1956-09,-0.0323,-0.0121,-0.0606,-0.0581,-0.0685,-0.0284,-0.044,-0.0368,-0.0386,-0.044
1956-10,0.0041,-0.0101,0.0107,0.0054,0.0325,-0.014,0.0133,0.0058,0.0114,0.0111
1956-11,-0.0042,-0.0344,-0.0077,0.0531,0.0069,0.0153,-0.0213,-0.013,0.0042,0.0022
1956-12,0.0126,0.0104,0.0486,0.0414,0.0444,0.0256,-0.0042,0.0606,0.0183,0.0202
1957-01,0.0178,-0.0621,-0.0588,-0.0412,-0.0564,0.029,-0.0125,-0.0227,0.0263,-0.0054
1957-02,-0.0141,-0.0185,-0.0274,-0.0227,-0.0065,0.0033,-0.0093,-0.0035,-0.0029,-0.0256
1957-03,0.0158,0.0054,0.0203,0.0317,0.0477,0.0151,0.02,0.0822,0.017,0.0231
1957-04,0.0139,0.0795,0.037,0.0694,0.0839,0.0044,0.0019,0.0543,0.0318,0.0316
1957-05,0.0139,0.0105,0.0316,0.0761,0.0579,0.0104,0.0255,0.0479,0.0225,0.0136
1957-06,-0.0064,0.0008,0.0034,-0.0174,0.0526,-0.0209,-0.0191,0.0646,-0.051,-0.0111
1957-07,0.0092,0.0364,0.0045,0.01,0.0107,-0.0024,0.0289,0.026,0.0004,0.0113
1957-08,-0.0199,-0.0309,-0.0623,-0.0574,-0.0704,-0.0012,-0.027,-0.0298,-0.0258,-0.0545
1957-09,-0.0114,-0.0709,-0.0687,-0.0797,-0.0636,-0.0222,0.0042,-0.0304,-0.0173,-0.0667
1957-10,-0.0212,-0.0394,-0.0472,-0.0576,-0.0177,-0.021,-0.0393,-0.0068,-0.0069,-0.0688
1957-11,0.0336,-0.0526,0.0335,0.0241,0.0646,0.0149,0.0174,0.0858,0.0438,0.0033
1957-12,0.0045,-0.0789,-0.046,-0.0698,-0.0324,0.0126,-0.0171,-0.0048,0.0256,-0.0439
1958-01,0.0746,0.0496,0.0539,0.0159,0.0403,0.0426,0.0749,-0.0041,0.0625,0.1104
1958-02,0.0204,-0.0144,-0.0202,-0.046,-0.0163,0.0066,0.0141,0.0495,0.0127,-0.0179
1958-03,0.0419,0.0295,0.0157,0.0792,0.0262,0.0117,0.0408,0.0817,0.0197,0.0251
1958-04,0.0354,0.0496,0.0144,0.0514,-0.0012,0.027,0.0299,0.0655,0.0508,0.0452
1958-05,0.0272,0.0479,0.0345,0.0035,0.015,0.0211,0.0362,0.0144,0.014,0.0374
1958-06,0.0265,0.0262,0.0237,0.0495,0.0363,0.0166,0.0214,0.0355,0.022,0.0287
1958-07,0.0163,0.0998,0.0848,0.0069,0.0374,0.009,0.0187,0.0597,0.0112,0.0528
1958-08,0.0293,0.0002,0.0242,0.0192,0.0208,0.0241,0.057,0.0198,-0.0101,0.0301
1958-09,0.0426,0.1004,0.0454,0.0328,0.062,0.0504,0.0402,0.1172,0.0347,0.0442
1958-10,0.025,0.0228,0.0305,0.0133,0.0449,0.0146,0.0122,0.0105,0.0428,0.0375
1958-11,0.0409,0.0175,0.0292,0.0192,0.0435,0.0214,0.0589,0.0803,0.0296,0.0463
1958-12,0.0267,0.0275,0.0521,0.0125,0.1311,0.1328,0.0572,0.0461,0.0594,0.0308
1959-01,0.0381,-0.0108,0.0079,0.0051,-0.0222,0.0391,0.0349,-0.0062,0.0124,0.0209
1959-02,0.03,-0.0194,0.0362,-0.0739,0.0517,0.0485,0.0266,0.0386,0.0125,0.0175
1959-03,0.003,-0.0119,-0.0024,0.0214,0.0233,-0.0043,-0.0166,0.0425,0.0163,-0.0071
1959-04,0.0301,0.0938,0.0417,0.0172,0.0844,0.0463,0.0154,0.1192,-0.0113,0.0196
1959-05,0.0133,0.0518,0.0404,-0.0095,0.0484,-0.0104,0.0272,-0.0107,-0.011,0.0063
1959-06,0.0167,0.0016,0.0128,-0.0272,-0.0099,-0.0104,0.0226,0.0659,-0.0223,0.0142
1959-07,0.037,0.0843,0.0373,0.0496,0.0045,0.006,0.0212,0.0473,0.0383,0.0025
1959-08,-0.0039,0.0242,-0.0189,-0.0313,-0.025,0.0061,0.0078,-0.0357,0.0134,-0.0221
1959-09,-0.0322,-0.0445,-0.0496,-0.069,-0.0419,-0.0096,-0.0212,-0.0496,-0.0435,-0.0414
1959-10,0.0379,-0.0126,0.0142,0.0117,0.0498,0.013,0.0087,0.0234,0.0089,0.003
1959-11,0.0125,-0.001,0.0219,-0.0041,0.0921,-0.0123,0.0235,0.0562,0.004,-0.005
1959-12,0.0123,0.0516,0.0216,0.0423,0.0341,0.0431,0.0268,-0.0167,0.0214,0.0211
1960-01,-0.0336,-0.1117,-0.0841,-0.0749,-0.098,0.0095,-0.0565,-0.0638,-0.0207,-0.0452
1960-02,0.0293,-0.022,0.0049,-0.0343,0.0535,0.0836,0.0421,0.0031,0.0277,-0.0002
1960-03,-0.0141,-0.0438,-0.0355,-0.008,0.0163,0.0014,0.001,0.0161,0.0175,-0.0227
1960-04,0.0153,-0.0157,-0.0353,-0.0426,0.0052,-0.0105,-0.0023,0.0165,0.0138,-0.0113
1960-05,0.0651,-0.0068,0.0386,-0.0346,0.0955,0.0332,0.0314,0.1372,0.0149,0.0024
1960-06,0.0433,0.0081,0.0168,0.0352,0.0146,-0.0034,0.0384,-0.0016,0.0577,0.0286
1960-07,-0.0095,-0.006,-0.0415,0.007,-0.042,0.001,-0.0301,-0.0386,-0.0107,-0.0147
1960-08,0.0451,0.0348,0.017,0.041,0.0116,0.0711,0.0313,0.0246,0.044,0.0311
1960-09,-0.0343,-0.0568,-0.0703,-0.01,-0.0872,-0.0591,-0.0839,-0.0871,-0.0448,-0.0573
1960-10,0.0167,-0.0134,-0.0097,0.0243,-0.0325,0.0014,0.0023,-0.0349,-0.0033,-0.0081
1960-11,0.0866,-0.0066,0.0485,0.034,0.0701,0.0419,0.0692,0.0404,0.0373,0.0669
1960-12,0.0448,-0.0041,0.0394,0.053,0.0303,0.1245,0.0226,0.0622,0.0635,0.0422
1961-01,0.0541,0.0836,0.0663,0.0976,0.0287,0.0789,0.0294,0.0605,0.0495,0.0779
1961-02,0.0661,0.0398,0.0505,0.0073,0.0271,0.0075,0.0496,0.052,0.0363,0.0569
1961-03,0.0485,0.0343,0.0161,0.0142,0.0277,0.0743,0.0586,0.038,0.0202,0.0353
1961-04,-0.0136,-0.0171,-0.0134,0.0476,0.0048,0.008,0.0059,-0.003,0.0185,0.0056
1961-05,0.0368,0.013,0.0458,0.0015,0.0286,-0.0104,0.0408,0.0228,0.0239,0.0418
1961-06,-0.0139,-0.0153,-0.0297,-0.0402,-0.0335,-0.0399,0.0054,-0.0338,-0.0187,-0.0379
1961-07,0.0285,0.0615,0.0248,0.0228,0.0179,0.0643,0.0245,0.035,0.0288,0.0127
1961-08,0.0511,0.0137,0.0245,0.0019,0.0449,0.0021,0.0325,0.0386,0.0381,0.0523
1961-09,0.0005,0.0468,-0.0446,-0.0642,0.0021,-0.0272,0.0039,-0.0123,0.0142,-0.0183
1961-10,0.0335,0.0054,-0.0022,0.0662,0.0337,0.002,0.0905,0.0366,0.0531,0.0232
1961-11,0.0549,0.0967,0.0294,0.0553,0.0293,0.0852,0.0513,0.0314,0.0342,0.0382
1961-12,-0.0318,0.0287,0.0017,0.0381,-0.0069,0.0332,-0.0036,-0.0199,-0.042,-0.0185
1962-01,-0.0616,-0.0017,-0.0355,0.0008,-0.0496,-0.0607,-0.0862,-0.0478,-0.0259,-0.0144
1962-02,0.0025,-0.0146,0.0141,0.0535,-0.0002,0.0411,0.0164,0.0375,0.0263,0.0172
1962-03,-0.011,0.0041,-0.0045,-0.0165,0.0021,-0.0294,0.0091,0.0041,0.0196,-0.0177
1962-04,-0.0677,-0.0517,-0.0795,-0.0362,-0.1105,-0.0468,-0.0442,-0.1133,-0.0278,-0.0708
1962-05,-0.1128,-0.0443,-0.0821,-0.0496,-0.1117,-0.0713,-0.0909,-0.1078,-0.1047,-0.0785
1962-06,-0.0881,-0.0607,-0.0954,-0.0485,-0.1157,-0.0852,-0.1025,-0.1289,-0.0509,-0.0915
1962-07,0.0523,0.0803,0.0525,0.049,0.113,0.0723,0.0437,0.0778,0.0745,0.0574
1962-08,0.009,0.0383,0.0236,0.0183,0.0338,0.0158,0.043,-0.0792,0.0317,0.0387
1962-09,-0.0561,-0.022,-0.058,-0.0177,-0.0886,-0.0605,-0.0662,-0.0405,-0.0283,-0.0576
1962-10,-0.0328,0.0246,0.0149,-0.0029,-0.0014,0.0277,-0.0135,0.0247,-0.0108,0.0057
1962-11,0.1209,0.0673,0.1321,0.1071,0.1456,0.0716,0.1115,0.1759,0.0759,0.1477
1962-12,0.0145,0.0354,-0.0107,0.0469,-0.0017,0.0108,0.0004,0.0088,0.0345,0.014
1963-01,0.0594,0.076,0.0578,0.0268,0.0564,0.0413,0.0413,0.0566,0.0526,0.0524
1963-02,-0.0303,-0.0289,-0.0255,-0.0131,-0.0506,-0.0109,-0.0068,-0.0258,-0.0147,-0.0042
1963-03,0.0256,0.0709,0.0288,0.0698,0.0275,0.0194,0.0201,0.0118,0.018,0.0295
1963-04,0.0239,0.0565,0.0469,0.0605,0.0642,0.0373,0.0545,0.0762,0.024,0.0594
1963-05,0.0189,0.0803,0.0209,-0.0011,0.0419,-0.0064,0.0262,-0.0025,0.0103,0.0358
1963-06,-0.0138,-0.0324,-0.0256,0.0121,-0.0492,-0.0194,-0.0139,-0.0109,-0.0112,-0.014
1963-07,-0.0048,-0.0007,-0.0139,0.023,-0.0068,-0.0025,-0.0105,0.0057,0.0081,-0.0159
1963-08,0.0487,0.0654,0.0619,0.0394,0.0513,0.0428,0.0642,0.0956,0.042,0.0544
1963-09,-0.0169,-0.0025,-0.0078,-0.0365,0.0014,0.0236,0.0093,-0.0407,-0.025,-0.0318
1963-10,0.0266,0.1071,0.0254,-0.0033,0.083,0.0343,0.0051,0.0338,-0.0067,0.0139
1963-11,-0.0112,-0.0517,0.003,-0.0115,-0.0029,0.0414,-0.0125,-0.0165,-0.0102,0.001
1963-12,0.0281,0.006,0.0189,0.0466,0.0304,-0.0009,0.0033,0.0153,0.0241,0.0266
1964-01,0.008,0.0122,0.0271,0.0485,0.0293,0.0332,0.0252,0.037,0.014,0.0117
1964-02,0.0186,0.0164,0.0273,0.0108,0.0196,-0.0028,0.0163,0.0165,0.0087,0.0538
1964-03,0.0308,0.0108,0.037,0.014,0.0338,-0.009,0.0243,-0.0194,-0.0074,0.0234
1964-04,-0.0047,0.018,-0.0172,0.0404,-0.0363,0.0083,0.0288,-0.0142,0.0105,0.0029
1964-05,0.0156,0.0152,0.0177,0.0215,0.0274,-0.0039,0.0391,0.0052,0.0084,0.0238
1964-06,0.016,0.0077,0.0088,0.0067,0.0051,0.0469,0.0384,0.0058,0.0221,0.0131
1964-07,0.0176,0.0564,0.0134,0.0333,-0.0181,-0.0201,0.0121,0.0476,0.0491,0.0123
1964-08,-0.0026,0.014,-0.0126,-0.0186,-0.0276,-0.0156,0.0034,-0.0422,-0.0002,-0.0311
1964-09,0.0169,0.0464,0.0478,0.0308,0.0115,-0.0103,0.0348,0.0274,0.0188,0.0399
1964-10,-0.0019,0.0008,0.0042,0.0307,-0.0099,-0.0089,0.0231,0.0286,0.0096,0.0175
1964-11,0.0071,-0.0109,-0.0058,0.0254,-0.0023,-0.0222,0.0324,0.0217,0.0137,-0.0165
1964-12,0.0023,0.0189,-0.0071,-0.0024,-0.0001,0.0312,0.0016,0.0438,0.0049,-0.0178
1965-01,0.0606,0.0381,0.0539,0.0051,0.0746,0.0025,0.0306,0.0766,0.0396,0.0472
1965-02,0.0161,-0.0051,0.0255,-0.0336,0.022,0.0081,0.0139,0.0242,0.0044,0.0261
1965-03,-0.0079,0.0128,-0.0114,-0.0302,-0.0047,-0.0168,-0.0082,-0.0092,-0.0052,-0.0037
1965-04,0.042,0.0678,0.0405,0.0086,0.0514,0.0233,0.0681,0.0297,0.0066,0.023
1965-05,-0.0079,-0.0326,-0.0054,0.0087,0.0047,0.0276,0.0019,-0.0125,-0.0097,-0.0149
1965-06,-0.0513,-0.068,-0.0624,-0.0198,-0.0572,-0.0417,-0.0621,-0.0531,-0.0366,-0.0699
1965-07,0.0158,0.0229,0.0207,0.018,0.0359,-0.0037,-0.014,0.0395,0.0106,0.0334
1965-08,0.0405,0.0342,0.0351,0.0155,0.0587,0.0133,0.023,0.0629,0.0092,0.0511
1965-09,0.0048,0.0711,0.0384,0.0437,0.0525,0.011,-0.0069,0.0224,0.0139,0.0176
1965-10,0.0259,0.0614,0.0437,0.0184,0.052,-0.0227,0.0031,0.0323,0.0105,0.0413
1965-11,0.0109,-0.0378,0.0139,0.0071,0.0274,-0.0431,0.0135,0.0379,-0.01,0.0408
1965-12,0.0127,0.0147,0.0323,0.0018,-0.0152,-0.0084,0.0132,0.0384,-0.0031,0.0329
1966-01,0.0192,0.0061,0.0293,0.0104,0.0134,-0.013,-0.0435,0.0274,-0.0303,0.0521
1966-02,-0.0048,-0.0148,-0.0075,-0.0344,0.0501,0.0048,-0.0184,-0.0155,-0.0417,0.0207
1966-03,-0.0265,-0.0297,-0.0176,-0.0223,-0.009,-0.0484,-0.0208,-0.016,-0.0014,-0.0257
1966-04,0.0038,0.0016,0.0285,0.0314,0.0762,0.0127,0.0307,-0.0001,0.0119,0.0303
1966-05,-0.0491,-0.0837,-0.0567,-0.0376,-0.0607,-0.0299,-0.0294,-0.0527,-0.0273,-0.0779
1966-06,-0.018,-0.0197,-0.0096,-0.0228,-0.0013,0.0048,-0.0238,0.0099,-0.0178,0.0065
1966-07,-0.0118,-0.0258,-0.016,0.004,-0.0171,-0.0116,-0.0197,-0.0171,-0.0018,-0.0194
1966-08,-0.0717,-0.0757,-0.0785,-0.0636,-0.0592,-0.046,-0.0639,-0.0809,-0.0859,-0.1186
1966-09,-0.0148,-0.0097,-0.0359,0.0394,-0.0192,-0.0056,-0.0201,-0.0115,0.0436,-0.0191
1966-10,0.0452,0.0038,0.0252,0.0846,0.0027,0.0918,-0.0136,0.0487,0.0994,0.0302
1966-11,0.0231,-0.034,0.0279,-0.0114,0.1087,-0.0283,0.007,0.069,-0.0136,0.0799
1966-12,0.0022,-0.0263,0.0137,-0.0066,0.0046,0.0296,-0.0418,-0.0018,0.021,0.0215
1967-01,0.0942,0.118,0.1119,0.0358,0.1023,0.0624,0.1178,0.0645,0.0284,0.1199
1967-02,0.0203,-0.0108,0.0122,-0.0007,0.0615,0.0213,0.0325,0.014,-0.0172,-0.0032
1967-03,0.0445,0.0385,0.058,0.0361,0.0549,0.0297,0.0234,0.0786,0.0153,0.0442
1967-04,0.046,0.1106,0.0375,0.0167,0.0786,0.0019,0.0924,0.0446,0.0188,0.0215
1967-05,-0.0261,-0.0728,-0.0367,-0.0242,-0.0439,-0.0567,-0.0463,-0.0528,-0.0411,-0.0208
1967-06,0.0267,0.0155,0.0211,0.0227,0.0639,0.0273,0.0384,0.0541,-0.0131,0.0348
1967-07,0.0607,0.111,0.0503,0.0692,0.0399,-0.0658,0.06,0.0379,0.0233,0.0789
1967-08,-0.0084,0.0018,-0.0039,-0.0145,-0.0101,-0.0124,0.0051,0.0065,-0.0065,-0.0028
1967-09,0.031,0.0497,0.0312,0.0424,0.0838,0.0123,0.0229,0.029,-0.0009,0.013
1967-10,-0.0264,-0.049,-0.0452,-0.0097,0.0489,-0.0351,0.0068,-0.0502,-0.0536,-0.0513
1967-11,0.0056,-0.0095,0.0065,0.0076,0.0143,0.0008,0.0085,0.0133,0.0318,-0.0043
1967-12,0.0321,0.0089,0.0522,0.0307,0.0213,0.0013,0.0343,0.0162,0.0328,0.0554
1968-01,-0.006,-0.0521,-0.064,-0.009,-0.0873,0.0267,0.0113,-0.0658,0.002,-0.0189
1968-02,-0.0266,-0.0232,-0.0428,-0.0266,-0.0459,-0.0241,-0.0084,-0.0424,-0.0148,-0.0348
1968-03,0.0075,0.0065,0.0087,0.0075,0.0424,-0.0112,0.0284,0.0011,-0.0393,-0.0028
1968-04,0.111,0.1169,0.1064,0.0568,0.1244,0.0221,0.1222,0.1189,0.0249,0.1198
1968-05,0.0502,-0.0033,0.0318,0.0125,0.0383,-0.0072,0.0351,0.0335,0.0044,0.0623
1968-06,0.0119,-0.014,-0.002,0.0184,-0.0201,0.0417,0.0045,0.0223,0.0844,0.0303
1968-07,-0.0391,-0.0295,-0.0402,0.0528,-0.0557,-0.002,-0.0518,-0.0412,0.0018,-0.028
1968-08,0.0278,0.0124,0.0334,0.0129,0.0054,0.0128,0.0225,0.0068,-0.0087,0.0286
1968-09,0.0487,0.0666,0.0455,0.0355,0.0294,0.0297,0.0785,0.0084,0.0025,0.0931
1968-10,0.0083,0.0465,0.0094,0.0258,-0.0491,0.0317,0.0073,-0.0004,0.0049,0.0108
1968-11,0.0463,-0.0009,0.058,0.0566,0.0861,0.054,0.0509,0.0811,0.088,0.0769
1968-12,-0.0102,-0.0446,-0.0335,-0.0253,-0.0534,-0.0666,-0.0412,-0.0102,-0.0291,-0.037
1969-01,-0.0119,-0.0177,-0.0049,-0.0114,-0.0468,0.0117,-0.0099,-0.0023,0.0243,0.0075
1969-02,-0.0659,-0.0347,-0.0571,-0.046,-0.0361,-0.0333,-0.0413,-0.0516,-0.0521,-0.0835
1969-03,0.0071,0.0511,0.026,0.0712,0.0545,-0.0042,0.0506,0.0334,-0.0129,0.0074
1969-04,0.0106,0.0122,0.0133,-0.0036,0.0396,0.0773,0.0377,0.0498,0.0133,0.0177
1969-05,0.0121,0.0014,-0.0086,0.0376,-0.0171,0.0108,0.0055,0.0168,0.0003,-0.0123
1969-06,-0.0731,-0.0599,-0.0693,-0.0989,-0.0015,-0.04,-0.0549,-0.0504,-0.0573,-0.1068
1969-07,-0.0685,-0.0698,-0.0543,-0.0964,-0.054,-0.045,-0.0844,-0.0273,-0.0297,-0.091
1969-08,0.0495,0.0274,0.0418,0.0659,0.0701,0.0166,0.0813,0.093,-0.0129,0.0903
1969-09,0.0032,-0.0006,-0.0207,-0.0963,0.002,-0.04,-0.0067,0.0209,-0.0414,-0.0071
1969-10,0.0831,0.0386,0.0668,-0.0103,0.0579,0.035,0.0672,0.0898,0.0828,0.0799
1969-11,-0.0236,-0.0443,-0.0341,-0.0453,-0.0178,0.0118,-0.0416,0.0032,-0.0527,-0.0554
1969-12,-0.0194,-0.0344,-0.0143,-0.0301,-0.0073,-0.0551,-0.0301,0.043,-0.0064,-0.0375
1970-01,-0.0424,-0.0825,-0.073,-0.1145,-0.0906,-0.0257,-0.0588,-0.0712,-0.0423,-0.0883
1970-02,0.0468,0.0557,0.0514,0.0538,0.0294,0.0796,0.0523,0.056,0.0836,0.095
1970-03,-0.0078,0.0487,-0.0029,-0.0045,-0.0258,0.0229,-0.0169,-0.0508,0.0291,-0.019
1970-04,-0.1012,-0.0886,-0.0897,-0.0917,-0.1434,-0.0879,-0.1108,-0.1011,-0.0805,-0.1368
1970-05,-0.0745,-0.0645,-0.0751,0.0261,-0.0955,-0.0375,-0.0945,-0.0778,-0.0536,-0.0825
1970-06,-0.0147,-0.0415,-0.0481,-0.0247,-0.1177,-0.0848,-0.0402,-0.0051,-0.047,-0.0683
1970-07,0.0668,0.106,0.0511,0.1276,0.0235,0.1026,0.1038,0.0216,0.087,0.0804
1970-08,0.0145,0.0822,0.0462,0.0654,0.08,0.0251,0.0534,0.018,0.0467,0.0512
1970-09,0.0551,0.0268,0.0397,0.0319,0.1017,-0.0095,0.0794,0.0803,-0.0052,0.0761
1970-10,0.007,-0.02,-0.0315,0.0296,-0.035,-0.0375,-0.0168,0.0026,-0.0082,-0.0589
1970-11,0.0484,0.0696,0.0391,0.0493,0.0405,0.0612,0.0687,0.0296,0.0939,0.0387
1970-12,0.0743,0.0616,0.0801,0.0226,0.044,0.0685,0.054,0.0537,0.0717,0.0836
1971-01,0.0486,0.0387,0.0585,0.0034,0.0539,0.0977,0.083,0.0494,0.0293,0.0781
1971-02,0.0377,0.0224,0.0125,0.0479,0.028,-0.053,0.0364,0.0139,-0.0259,0.0236
1971-03,0.0444,0.0343,0.0409,0.0276,0.0806,0.0071,0.0683,0.0368,0.0241,0.0597
1971-04,0.0217,0.0849,0.0426,0.0431,0.0232,0.0082,0.0496,0.0423,-0.0354,0.0436
1971-05,-0.0302,-0.0426,-0.0225,-0.0474,-0.0614,-0.0521,-0.0178,-0.021,-0.037,-0.0442
1971-06,-0.0013,-0.0066,0.0039,0.0103,-0.0218,0.0104,0.0035,0.0202,0.043,-0.0122
1971-07,-0.0213,-0.0555,-0.0488,-0.0213,-0.0858,-0.0361,-0.035,-0.0225,-0.0213,-0.0385
1971-08,0.031,0.1056,0.0636,-0.012,0.0569,-0.0032,0.0619,0.0327,-0.0232,0.0702
1971-09,-0.0007,-0.0007,-0.0032,-0.0164,-0.0155,0.0023,0.0073,0.0066,-0.015,-0.0042
1971-10,-0.0432,-0.052,-0.0603,-0.0428,-0.0435,-0.0174,-0.0344,-0.025,0.0205,-0.042
1971-11,-0.0035,0.0033,-0.0099,0.0006,0.0177,0.0038,0.0024,0.0058,-0.0121,-0.0023
1971-12,0.1053,0.0613,0.0986,0.0884,0.1127,0.0736,0.1016,0.079,0.081,0.0819
1972-01,0.025,0.0323,0.0322,0.0016,0.0835,0.0094,0.0044,0.026,-0.003,0.0333
1972-02,0.0464,0.0084,0.0498,0.0261,0.0189,0.0016,0.0565,0.0713,-0.025,0.0225
1972-03,0.0009,0.0423,0.0249,-0.0546,0.0109,-0.0032,0.0198,0.0046,-0.0015,0.0234
1972-04,0.0192,-0.0053,0.0197,-0.0069,0.0076,-0.0105,-0.0056,0.0108,-0.0281,0.0182
1972-05,0.0041,-0.01,0.019,0.0365,0.0373,0.0119,0.0158,0.0352,-0.0017,-0.0063
1972-06,-0.0114,-0.0288,-0.0225,-0.0091,-0.0253,-0.0274,-0.0403,0.0251,-0.0155,-0.0453
1972-07,-0.0158,-0.0213,0.0049,-0.0107,0.0097,0.0075,-0.0246,0.0313,0.0004,-0.0293
1972-08,-0.0011,0.0378,0.0229,0.1238,0.0284,0.0516,-0.0041,0.0105,0.0596,0.0361
1972-09,-0.0262,-0.0089,-0.0122,-0.0024,-0.0115,0.0431,-0.005,-0.0044,0.0019,-0.0172
1972-10,0.0,-0.0244,0.0115,0.031,-0.0334,0.023,0.0088,0.0151,0.0675,0.0114
1972-11,0.0688,0.0793,0.0418,0.0619,0.0252,0.071,0.0602,-0.0056,0.064,0.0514
1972-12,0.0053,0.0164,0.0093,0.0105,0.0198,0.0145,0.0173,0.0374,-0.0154,-0.0072
1973-01,-0.0475,-0.067,-0.037,0.0503,0.0196,-0.0212,-0.0409,-0.0119,-0.0428,-0.0744
1973-02,-0.0436,-0.0585,-0.0229,-0.0735,-0.03,-0.0462,-0.0645,-0.0071,-0.0197,-0.0606
1973-03,-0.0106,-0.0282,-0.0022,0.0305,-0.012,0.0054,-0.0564,0.0078,-0.0215,-0.0026
1973-04,-0.0619,-0.0519,-0.044,-0.0098,-0.0665,0.0088,-0.085,-0.0549,-0.006,-0.0775
1973-05,-0.0212,-0.0419,-0.0114,-0.0353,-0.026,-0.0082,-0.0221,0.0107,0.0036,-0.0498
1973-06,-0.0343,-0.0253,-0.0035,0.0163,-0.0005,-0.0032,-0.0575,0.0,-0.0249,-0.0025
1973-07,0.0744,0.0727,0.0664,0.003,0.0495,-0.0032,0.1116,0.0687,-0.0239,0.0956
1973-08,-0.0333,-0.0395,-0.0147,-0.0379,-0.0369,-0.0391,-0.0416,-0.0689,-0.021,-0.023
1973-09,0.059,0.0781,0.0456,0.0921,-0.0284,0.0765,0.072,0.0078,0.079,0.0723
1973-10,-0.0225,-0.0434,0.0044,0.0517,0.0391,-0.0554,-0.0366,0.0183,-0.0339,-0.0102
1973-11,-0.1431,-0.161,-0.1425,-0.0619,-0.1143,-0.019,-0.1892,-0.0775,-0.116,-0.1345
1973-12,-0.0155,-0.0376,0.0128,0.0867,-0.0432,0.0455,-0.0022,-0.0447,0.0342,0.0249
1974-01,0.0243,0.0609,0.0041,-0.0746,0.0124,0.02,0.0671,-0.0256,0.0455,0.0114
1974-02,0.0007,-0.0108,0.0001,-0.0155,-0.006,0.0475,0.008,-0.0123,0.0029,0.0102
1974-03,-0.0189,-0.0009,-0.0076,-0.0324,-0.0271,-0.0459,-0.0312,0.0122,-0.0364,-0.0363
1974-04,-0.0369,-0.0409,-0.0204,-0.0631,-0.0363,-0.0531,-0.0197,-0.0148,-0.1219,-0.0637
1974-05,-0.0288,0.0042,-0.0253,-0.0747,-0.042,-0.0152,0.0121,-0.0011,-0.049,-0.0844
1974-06,-0.0056,-0.0263,-0.0041,-0.003,-0.0294,0.003,-0.0272,-0.0161,-0.0618,-0.055
1974-07,-0.1015,-0.1186,-0.0716,-0.0052,-0.0822,-0.0763,-0.1281,-0.1415,0.0077,-0.0661
1974-08,-0.1016,-0.0662,-0.1013,-0.0856,-0.049,-0.0001,-0.1305,-0.0804,-0.0862,-0.1062
1974-09,-0.1218,-0.1292,-0.1285,-0.0795,-0.169,-0.038,-0.1228,-0.1556,-0.0131,-0.0962
1974-10,0.1566,0.0448,0.1604,0.2078,0.1472,0.1085,0.1001,0.2958,0.1301,0.2019
1974-11,-0.0385,-0.0469,-0.0592,-0.0424,-0.0494,-0.0309,-0.0574,-0.0122,-0.0013,-0.0277
1974-12,-0.0056,-0.0408,-0.0445,0.0083,-0.0525,0.0157,-0.0336,-0.0332,-0.0081,-0.0435
1975-01,0.1871,0.215,0.1451,0.0677,0.153,0.1109,0.2592,-0.0074,0.188,0.1789
1975-02,0.0404,0.0493,0.08,0.0226,0.1314,0.0516,0.0516,0.1604,0.009,0.0287
1975-03,0.0714,0.0662,0.0506,-0.0232,0.0099,-0.0086,0.1076,0.0129,-0.0132,0.0415
1975-04,0.0301,0.0412,0.0956,0.0725,0.0557,-0.0096,0.0259,0.0065,-0.0161,0.0327
1975-05,0.0522,0.0257,0.0278,0.1235,0.0592,0.0352,0.04,0.0652,0.0852,0.0572
1975-06,0.0525,0.1023,0.0356,0.0625,0.0229,0.0404,0.0745,0.0095,0.1071,0.0595
1975-07,-0.0538,-0.0203,-0.0591,-0.0424,-0.0942,-0.0421,-0.0746,-0.1203,-0.0478,-0.0614
1975-08,-0.0314,-0.0347,-0.008,-0.0089,-0.0297,-0.0356,-0.0039,-0.0332,-0.0124,-0.0514
1975-09,-0.0244,-0.0246,-0.058,-0.0116,-0.0085,-0.0126,-0.0349,-0.0653,-0.0099,-0.0631
1975-10,0.1059,0.0882,0.0567,-0.0133,0.084,0.0682,0.0992,0.1068,0.0658,0.0391
1975-11,0.0409,0.0335,0.0301,-0.0164,0.0503,0.0426,0.0466,0.0513,0.0315,0.0358
1975-12,-0.0151,-0.0044,-0.0132,0.0009,-0.0125,-0.0011,-0.0304,-0.0636,0.0134,-0.0026
1976-01,0.1092,0.1562,0.1685,0.0846,0.1826,0.0949,0.0898,0.0773,0.083,0.1295
1976-02,-0.0107,0.0388,0.0173,-0.0311,0.0116,0.0357,0.0468,-0.0653,-0.0352,0.0313
1976-03,0.0073,0.0353,0.0114,0.0722,0.0293,0.0058,0.0346,0.0653,0.0144,0.0198
1976-04,-0.0167,0.0184,-0.0142,0.0215,-0.0341,0.0172,-0.0467,-0.043,0.0063,-0.0155
1976-05,-0.0215,-0.0311,-0.0123,0.0551,0.0049,-0.0294,-0.0577,-0.0281,-0.0146,-0.0171
1976-06,0.0362,0.0422,0.037,0.0509,0.082,0.0358,0.0152,0.0367,0.0425,0.054
1976-07,0.0148,-0.0106,-0.0185,-0.0062,-0.022,0.0125,-0.0233,-0.0038,0.0282,-0.0005
1976-08,-0.0031,-0.0144,-0.0168,-0.0086,-0.0083,0.0474,0.0289,0.0217,0.0296,-0.0114
1976-09,0.0155,0.0449,0.0108,0.0591,0.029,0.0159,0.0043,0.0362,0.0408,0.009
1976-10,-0.0162,-0.0115,-0.0327,-0.0242,-0.045,0.0129,-0.0089,-0.0374,-0.0081,-0.0043
1976-11,0.0174,-0.0071,-0.0038,0.0082,0.0164,0.0314,0.0484,-0.0971,0.0314,0.0208
1976-12,0.0522,0.0967,0.0585,0.0633,0.0385,0.0344,0.0233,0.0626,0.0649,0.0841
1977-01,-0.0409,-0.042,-0.0601,0.0029,-0.0387,0.0011,-0.0715,-0.0884,0.0084,-0.0418
1977-02,-0.0139,-0.0349,-0.0063,-0.0301,-0.0063,0.0099,-0.0183,-0.0021,-0.034,-0.0172
1977-03,-0.0139,-0.0334,-0.0034,-0.0208,-0.0003,-0.0103,-0.0276,-0.0179,0.0019,-0.0009
1977-04,0.0053,0.0316,0.0058,0.0253,-0.0346,0.0066,-0.0343,-0.0521,0.0194,0.0214
1977-05,-0.0094,-0.0049,-0.0296,-0.0041,-0.0149,0.0144,-0.0276,-0.0188,0.0168,-0.0086
1977-06,0.0453,0.0429,0.034,0.0609,0.0777,0.0193,0.0606,0.0903,0.057,0.053
1977-07,0.0122,-0.0244,-0.0362,-0.018,-0.0016,-0.0086,-0.0018,-0.0224,0.0087,-0.0039
1977-08,0.0011,-0.0085,-0.0126,-0.0577,0.005,-0.0226,0.0462,0.0383,-0.0323,-0.0122
1977-09,0.0025,0.0155,-0.0098,0.0073,-0.0178,0.0348,-0.0071,-0.0089,0.0201,-0.0007
1977-10,-0.0335,-0.0446,-0.0458,-0.0355,-0.0322,-0.0505,-0.0317,-0.0175,-0.0314,-0.0445
1977-11,0.0459,0.0195,0.0433,0.0345,0.0525,0.0218,0.0558,0.0608,0.0428,0.065
1977-12,0.0,-0.0075,0.0073,0.0189,0.0239,0.0215,-0.0125,0.0062,-0.0033,0.0061
1978-01,-0.053,-0.0686,-0.0605,-0.0693,-0.0475,-0.0416,-0.0684,-0.0192,-0.0453,-0.0532
1978-02,0.0012,0.0039,-0.0262,-0.0108,-0.0345,0.0413,-0.0043,-0.03,-0.0041,-0.0015
1978-03,0.0417,0.0609,0.039,0.0206,-0.0061,0.0262,0.0286,0.0417,0.0247,0.0545
1978-04,0.0692,0.0962,0.1146,0.0671,0.133,0.0293,0.1084,0.0925,0.0018,0.0937
1978-05,0.0422,0.002,0.0412,0.0089,0.0167,-0.0039,0.0125,0.0517,0.0071,0.0261
1978-06,-0.0026,-0.0281,-0.0147,-0.0374,-0.0035,-0.0153,-0.0197,0.0114,0.0084,-0.0033
1978-07,0.0353,0.0471,0.0784,0.0334,0.0858,0.0142,0.0514,0.0886,0.0283,0.0661
1978-08,0.0414,0.0298,0.0394,0.0509,0.0601,0.0355,0.0571,0.0099,0.0046,0.0637
1978-09,-0.0038,-0.005,-0.021,0.0477,-0.0415,0.0122,-0.0266,-0.0275,-0.0024,-0.0127
1978-10,-0.1158,-0.1117,-0.1133,-0.1061,-0.1083,-0.0447,-0.1414,-0.1284,-0.0707,-0.1409
1978-11,0.0214,0.0073,0.0286,0.0617,0.0509,0.0299,0.0259,0.0519,0.03,0.0252
1978-12,0.017,-0.0061,0.0144,0.0281,0.0642,0.0009,-0.006,0.0341,-0.0123,0.0129
1979-01,0.042,0.0508,0.0653,0.0312,0.043,0.0366,0.0575,0.0142,0.0636,0.0609
1979-02,-0.0351,-0.0359,-0.0449,0.0063,-0.0332,-0.0063,-0.0442,-0.0452,-0.0163,-0.0325
1979-03,0.0413,0.0661,0.0735,0.0936,0.0761,0.0016,0.0615,0.0504,0.0233,0.0817
1979-04,0.002,0.0295,-0.0046,0.0433,0.0032,-0.0215,0.0087,0.0043,-0.0274,0.0151
1979-05,-0.0177,-0.0071,-0.0229,-0.0243,-0.0196,0.001,-0.0243,-0.0264,0.0143,-0.0031
1979-06,0.0331,0.0301,0.035,0.0926,0.005,0.0192,0.0286,0.0483,0.0497,0.0703
1979-07,0.0203,0.0206,0.0203,0.0158,-0.0151,-0.0011,0.0118,0.0015,0.0208,0.0332
1979-08,0.0755,0.047,0.0772,0.0789,0.0593,0.0153,0.0889,0.0856,0.0204,0.0582
1979-09,-0.0187,0.0042,-0.0072,0.0592,-0.0175,-0.0239,-0.0076,-0.0055,-0.0217,-0.0069
1979-10,-0.0766,-0.094,-0.0884,-0.0255,-0.0773,-0.0505,-0.089,-0.0434,-0.058,-0.1017
1979-11,0.0514,-0.022,0.0473,0.089,0.0816,0.0402,0.0384,0.0877,0.0774,0.0703
1979-12,0.0338,0.0337,0.0446,0.0248,0.018,-0.0153,0.0307,0.0208,-0.0099,0.0419
1980-01,0.0312,0.0909,0.0707,0.1422,0.0736,-0.0206,0.0131,-0.0129,0.0156,0.0554
1980-02,-0.0485,-0.063,-0.025,0.1294,-0.0355,-0.0148,-0.0485,-0.0463,-0.0339,-0.0339
1980-03,-0.0813,-0.0879,-0.1176,-0.1789,-0.1266,-0.0262,-0.0864,-0.0282,-0.0659,-0.1227
1980-04,0.0649,-0.0177,0.0321,0.0686,0.0072,0.0732,0.0336,0.0429,0.12,0.0606
1980-05,0.0794,0.0433,0.0623,0.0409,0.0482,0.05,0.1073,0.0696,0.0459,0.0812
1980-06,0.0299,0.0279,0.0234,0.0583,0.0303,-0.0058,0.0241,0.0022,0.0454,0.051
1980-07,0.0776,0.1174,0.1084,0.0201,0.1548,0.01,0.1083,0.0888,-0.001,0.069
1980-08,0.0143,0.0149,0.0158,0.0366,0.0366,0.063,0.0186,0.0027,-0.0117,0.0273
1980-09,0.0027,0.0098,0.0285,0.0652,0.0199,-0.0161,0.0128,0.0362,0.0015,0.0381
1980-10,0.0029,-0.0172,0.0043,0.0774,0.0197,-0.0325,-0.0115,-0.0124,0.0194,0.0164
1980-11,0.0091,0.0492,0.084,0.2429,0.0984,0.0,0.026,0.0886,0.0738,0.0771
1980-12,0.0101,-0.0109,-0.0207,-0.1059,-0.0117,0.0083,-0.0137,0.0459,-0.0195,0.0002
1981-01,0.0201,-0.0224,-0.0196,-0.1015,-0.0809,0.0554,0.0047,-0.0161,-0.0257,-0.0323
1981-02,0.0248,0.0644,0.0436,-0.0044,0.0047,0.0215,0.027,0.0185,-0.0127,0.0171
1981-03,0.0692,0.0699,0.0597,-0.0226,0.0499,0.0117,0.1272,0.059,0.0298,0.0842
1981-04,0.0116,0.0188,-0.0094,-0.0754,0.0017,0.0621,0.031,0.0303,-0.0268,0.0087
1981-05,0.0266,0.0286,-0.0037,-0.0387,0.0423,0.0714,0.0282,0.0344,0.0182,0.0284
1981-06,-0.0021,-0.0428,-0.0131,0.047,-0.0672,-0.0192,-0.0142,-0.0558,0.0344,-0.0138
1981-07,-0.0064,-0.0291,-0.0287,0.0793,-0.0379,0.0037,-0.034,-0.039,0.028,-0.0271
1981-08,-0.0507,-0.079,-0.0689,-0.0628,-0.073,-0.0081,-0.056,-0.0773,-0.0083,-0.0552
1981-09,-0.0218,-0.0297,-0.0715,-0.1228,-0.039,0.0284,-0.0364,-0.0128,-0.0553,-0.0544
1981-10,0.0741,-0.0415,0.0368,0.0992,0.0521,0.0602,0.0677,0.0795,0.0488,0.0716
1981-11,0.0265,0.0485,0.0452,0.069,0.015,0.027,0.0107,0.0392,0.0592,0.0505
1981-12,-0.0181,0.0048,-0.0166,-0.0654,-0.0003,-0.0145,-0.0194,-0.0073,-0.0233,-0.0379
1982-01,-0.0092,0.0117,-0.0331,-0.0846,0.0273,0.0068,0.0012,0.0143,-0.0067,-0.0323
1982-02,-0.0197,-0.0204,-0.0562,-0.1109,-0.053,-0.0568,-0.0136,-0.018,-0.0036,-0.0389
1982-03,0.0245,0.0349,-0.0178,-0.0365,-0.0359,0.0205,0.0422,-0.0255,0.0166,-0.0131
1982-04,0.0667,0.0444,0.0324,0.0434,0.0744,-0.0018,0.0541,0.0739,0.0384,0.0371
1982-05,-0.0326,-0.0193,-0.0471,0.0231,-0.0541,-0.0102,-0.0272,-0.0303,-0.0052,-0.0547
1982-06,0.0167,0.0265,-0.0258,-0.0625,-0.0238,-0.0245,0.0267,-0.0075,-0.0221,-0.0242
1982-07,-0.0046,-0.0033,-0.0232,-0.0791,0.0152,0.012,0.0021,0.0079,-0.0257,-0.0303
1982-08,0.0917,0.1374,0.1397,0.0969,0.1279,0.1084,0.1258,0.1237,0.12,0.1136
1982-09,0.0525,-0.0073,-0.0108,0.0177,0.0117,0.0099,0.0475,0.0136,0.0106,0.0418
1982-10,0.1058,0.1655,0.1306,0.0558,0.1698,0.0812,0.1687,0.082,0.0473,0.1574
1982-11,0.0517,0.0824,0.0579,-0.044,0.1068,0.0595,0.1118,0.052,0.0016,0.0764
1982-12,0.0097,0.0303,0.0073,0.0554,0.0265,-0.0123,-0.0209,0.0058,0.0432,-0.0134
1983-01,-0.0101,0.0517,0.0502,0.0362,0.0838,0.1244,0.0129,0.0142,0.0367,0.028
1983-02,0.038,0.0363,0.041,-0.0059,0.0359,-0.0036,0.079,0.0284,0.0159,0.0456
1983-03,0.0747,-0.0114,0.021,0.0597,0.0067,0.0064,0.0851,0.0452,0.0027,0.0496
1983-04,0.0619,0.1088,0.0633,0.0938,0.0749,0.0514,0.0857,0.0505,0.0476,0.0831
1983-05,-0.0095,-0.0207,0.0199,0.0135,0.0282,-0.0131,0.0048,-0.0273,0.026,0.0243
1983-06,0.03,0.1041,0.0159,0.0641,0.0613,0.0017,0.0611,0.0691,-0.0054,0.0168
1983-07,-0.0265,-0.039,-0.0258,-0.0226,-0.0536,-0.0517,-0.0327,-0.0568,0.0103,-0.0366
1983-08,0.0071,-0.0238,0.0062,0.0683,-0.011,0.022,-0.0473,-0.0101,0.0152,-0.0082
1983-09,0.0466,0.0439,0.0226,-0.0463,0.0215,0.0226,0.0218,0.013,0.0466,0.0158
1983-10,-0.0021,0.0004,-0.0229,-0.0205,-0.0694,-0.052,-0.0176,-0.0218,0.0307,-0.0406
1983-11,0.023,0.0423,0.0646,-0.0043,0.0234,0.0317,0.0446,-0.0301,-0.0161,0.0471
1983-12,-0.0048,0.0092,-0.0112,0.021,0.0036,-0.0154,-0.0471,-0.0358,-0.0369,-0.0087
1984-01,-0.007,-0.0538,-0.035,0.1011,-0.062,0.0409,-0.0588,-0.0062,0.0145,-0.0164
1984-02,-0.0572,-0.0609,-0.066,0.0387,-0.0593,-0.0368,-0.0445,-0.0202,-0.0333,-0.0492
1984-03,0.0162,0.0035,0.0329,0.0026,0.0179,-0.0424,0.0121,-0.0067,-0.0029,0.0244
1984-04,0.0057,0.0132,-0.0013,0.0398,-0.0043,0.0218,0.0031,0.0232,-0.0048,-0.0204
1984-05,-0.0241,-0.0577,-0.0578,-0.0504,-0.0556,-0.035,-0.0516,-0.0645,-0.008,-0.0687
1984-06,0.0633,0.0211,0.0319,-0.0218,0.0176,0.1228,0.0742,0.0386,0.0045,0.0222
1984-07,-0.0161,0.0253,-0.0147,-0.0746,-0.0245,0.0281,0.0012,-0.0376,-0.0001,-0.0182
1984-08,0.0871,0.1001,0.1189,0.1397,0.1395,0.0672,0.0987,0.1043,0.0776,0.1118
1984-09,0.0126,-0.002,-0.0255,0.0224,-0.0399,0.029,0.0009,-0.0442,0.0482,0.0219
1984-10,0.0138,0.0215,0.0057,-0.0447,-0.005,-0.0081,-0.0074,0.0165,0.0334,0.0073
1984-11,0.0038,-0.0302,-0.0134,-0.0102,-0.0383,-0.0024,-0.0292,-0.0008,0.0306,-0.003
1984-12,0.025,0.0461,0.0215,-0.0054,0.0254,0.051,0.0077,0.0274,0.0263,0.0373
1985-01,0.049,0.0984,0.0847,0.0654,0.126,0.0585,0.1319,0.0831,0.0239,0.0982
1985-02,0.0508,-0.0157,0.0134,0.0387,-0.0133,0.0269,0.021,0.0359,0.0138,0.0213
1985-03,0.0463,-0.0526,-0.0278,0.0145,-0.0602,0.0547,-0.0061,0.0307,0.061,-0.0016
1985-04,-0.0212,-0.0345,-0.0149,0.0381,-0.0364,0.009,0.0009,-0.0176,0.0161,0.0142
1985-05,0.08,0.0593,0.0609,0.0075,0.0283,0.0663,0.0962,0.0945,0.0545,0.0633
1985-06,0.0276,0.015,0.015,-0.0076,-0.0071,0.0409,0.0161,0.0229,0.0363,0.0297
1985-07,-0.0262,0.0239,0.0341,-0.0059,0.0441,-0.0455,-0.0398,-0.0047,-0.047,-0.0018
1985-08,0.0074,-0.0264,-0.0114,0.0155,-0.0254,0.0054,-0.0061,-0.0082,0.0191,-0.0049
1985-09,-0.0064,-0.0328,-0.0398,-0.013,-0.0473,-0.0418,-0.0434,-0.0392,-0.0535,-0.0496
1985-10,0.036,0.0085,0.0328,0.0595,0.0302,0.0408,0.0686,0.0318,0.0632,0.064
1985-11,0.0856,0.0994,0.0794,0.0034,0.0864,0.0742,0.0799,0.0974,0.0424,0.0743
1985-12,0.0545,0.0718,0.0451,-0.0275,0.0827,0.0615,0.0455,0.0352,0.0485,0.0449
1986-01,0.0179,0.0215,0.0161,-0.0676,-0.0029,-0.0397,0.0164,0.0106,0.0378,0.0356
1986-02,0.1082,0.109,0.1022,0.008,0.0497,0.074,0.0781,0.0613,0.0657,0.0838
1986-03,0.0811,0.0786,0.0602,0.0095,-0.0008,0.0385,0.0857,0.1205,0.0396,0.0577
1986-04,0.0042,-0.0351,-0.0174,0.0076,0.0393,0.0244,0.004,0.007,-0.0397,-0.0262
1986-05,0.0888,0.0315,0.044,0.0733,0.0095,0.0485,0.0985,0.0729,0.0363,0.0466
1986-06,0.063,-0.0129,-0.0003,-0.0205,-0.0398,0.0538,0.0384,0.0564,0.0504,0.015
1986-07,-0.0574,-0.0909,-0.0751,-0.0511,-0.0834,-0.03,-0.0954,-0.0535,0.0515,-0.0645
1986-08,0.0258,0.0749,0.0645,0.1664,0.0699,0.0683,0.0167,0.04,0.079,0.0684
1986-09,-0.1084,-0.0815,-0.0654,-0.0088,-0.0709,-0.0942,-0.0844,-0.1259,-0.0909,-0.0887
1986-10,0.089,0.0647,0.0654,0.0191,0.0058,0.0463,0.0736,0.0799,0.0525,0.0422
1986-11,0.0072,0.0485,0.0249,0.0323,0.0355,0.0398,0.0176,0.0135,0.0055,-0.0068
1986-12,-0.0322,-0.0222,-0.0197,-0.0045,-0.0367,-0.037,-0.0625,-0.0123,-0.0329,-0.0253
1987-01,0.1456,0.1871,0.1445,0.1416,0.1653,0.053,0.118,0.1316,0.093,0.111
1987-02,0.0561,0.0346,0.0482,-0.0172,0.0943,0.0003,0.098,0.1126,-0.0214,0.0468
1987-03,0.0114,0.0465,0.0348,0.1182,0.0262,0.014,0.017,0.0015,-0.0167,-0.0033
1987-04,-0.0368,0.0404,-0.0162,0.0012,0.0439,-0.0245,-0.027,-0.0245,-0.0433,-0.0411
1987-05,0.0264,-0.0149,0.0034,0.0306,0.003,0.0334,-0.0006,0.0125,-0.0184,-0.0003
1987-06,0.0678,0.0288,0.0518,0.06,-0.0003,0.0704,0.0626,0.0478,0.034,0.0464
1987-07,0.0573,0.0698,0.071,0.0319,0.01,0.0584,0.0574,0.0578,-0.0167,0.0359
1987-08,0.0368,0.0569,0.0285,0.0192,0.0745,0.0515,0.0334,0.0221,0.037,0.0433
1987-09,-0.0282,-0.0397,0.0029,-0.0386,-0.0269,0.033,-0.0638,-0.0257,-0.0231,-0.018
1987-10,-0.2102,-0.2692,-0.2734,-0.1845,-0.2592,-0.1226,-0.2807,-0.2045,-0.0692,-0.2368
1987-11,-0.0803,-0.0851,-0.0517,-0.1056,-0.0983,-0.0889,-0.0846,-0.093,-0.0251,-0.066
1987-12,0.0757,0.086,0.1086,0.0676,0.1193,0.0392,0.0854,0.0536,0.0055,0.0539
1988-01,0.0302,0.0443,0.0028,0.0842,-0.0249,0.0998,0.0561,0.0637,0.0977,0.0633
1988-02,0.0604,0.0628,0.0773,0.0358,0.0745,0.0124,0.1026,0.0419,-0.0142,0.0432
1988-03,-0.0153,-0.042,-0.0134,0.0262,-0.0468,-0.0397,-0.0113,-0.0256,-0.0318,-0.0134
1988-04,-0.0015,0.0293,0.0161,0.0462,0.0262,0.0072,0.016,-0.02,-0.0029,-0.0036
1988-05,-0.0029,0.0124,-0.0042,-0.0042,-0.0133,0.0234,-0.0141,-0.0025,0.0358,0.0094
1988-06,0.034,0.0827,0.0759,-0.0208,0.0945,0.0289,0.0656,0.0267,0.0322,0.0603
1988-07,0.0167,-0.0084,-0.0234,0.0359,-0.0511,0.0016,-0.0083,0.0055,-0.0022,-0.0061
1988-08,-0.0015,-0.0666,-0.0443,-0.0148,-0.082,-0.029,-0.0261,-0.0106,-0.0012,-0.0088
1988-09,0.0654,0.0391,0.0343,-0.0248,0.0284,0.0706,0.0829,0.038,0.0267,0.0413
1988-10,0.0807,0.0335,0.0074,0.0189,-0.0002,0.0296,0.016,0.012,0.0252,0.0001
1988-11,-0.0116,-0.0096,-0.0217,-0.003,-0.0315,0.0005,-0.0277,-0.0215,-0.0048,-0.0217
1988-12,0.0352,0.003,0.0313,0.0184,0.0488,0.0125,0.0158,0.0181,0.0104,0.0091
1989-01,0.0565,0.076,0.075,0.0626,0.0712,0.0834,0.0627,0.0679,0.0274,0.0684
1989-02,-0.0144,-0.0296,-0.021,-0.0129,-0.0376,-0.0137,-0.0185,-0.0116,-0.0182,-0.0048
1989-03,0.0552,-0.0135,0.0119,0.0389,-0.055,0.0521,0.0276,0.0493,0.0054,0.0354
1989-04,0.0567,0.0049,0.0538,0.0249,0.0517,0.0968,0.0554,0.0542,0.0394,0.0461
1989-05,0.0532,0.0231,0.0362,0.0267,0.0247,0.0588,0.0534,0.0341,0.0537,0.0424
1989-06,0.015,0.013,-0.0268,-0.0101,-0.0329,0.0019,-0.0216,-0.0275,0.0338,0.0079
1989-07,0.1197,0.0523,0.0762,0.0378,0.0296,0.0909,0.0916,0.139,0.058,0.0816
1989-08,-0.0197,0.0517,0.0438,0.0352,0.0252,0.008,0.0258,0.0039,-0.008,0.0322
1989-09,-0.0058,-0.045,-0.0259,0.0135,-0.0268,0.0403,-0.0233,0.0242,0.0048,0.0139
1989-10,-0.0245,-0.0571,-0.0438,0.0075,-0.0443,-0.0196,-0.0404,0.0038,0.01,-0.0487
1989-11,0.0168,-0.0109,0.0307,0.0398,-0.0179,0.0211,0.0125,0.0457,0.0323,-0.0008
1989-12,0.0138,-0.0145,0.0298,0.0601,-0.0112,0.0584,0.0118,0.0104,0.0479,-0.016
1990-01,-0.0947,-0.0387,-0.0634,-0.0429,-0.0129,-0.1303,-0.0638,-0.0731,-0.0534,-0.09
1990-02,-0.0054,0.0504,0.0255,0.0311,0.0411,-0.0026,0.0191,-0.0208,0.0021,0.0251
1990-03,0.0464,0.0288,0.039,-0.0057,0.0446,0.0425,0.0513,0.0384,-0.0075,-0.0038
1990-04,-0.0018,-0.0406,-0.0276,-0.0356,-0.0202,-0.0327,-0.0206,0.003,-0.055,-0.0342
1990-05,0.0907,0.0772,0.0808,0.0602,0.1258,0.092,0.1158,0.128,0.0543,0.0917
1990-06,0.0208,-0.0219,-0.0059,-0.0204,-0.0117,-0.0473,0.0154,0.0442,0.0075,-0.0172
1990-07,-0.0081,-0.0343,0.0017,0.0828,-0.0735,-0.0441,-0.0411,0.0258,0.0089,-0.0357
1990-08,-0.0736,-0.1427,-0.1206,-0.0128,-0.12,-0.1043,-0.1207,-0.0678,-0.0662,-0.1132
1990-09,-0.0407,-0.1057,-0.08,-0.0161,-0.0664,0.0181,-0.0873,-0.0437,0.0048,-0.1007
1990-10,0.025,-0.0325,-0.0184,-0.0402,-0.034,0.0301,-0.0304,0.0141,0.0723,-0.0643
1990-11,0.0656,0.0413,0.0738,0.0163,0.1127,0.0211,0.1042,0.0949,0.0229,0.1065
1990-12,0.0439,-0.0042,0.0488,-0.0202,0.0412,0.015,0.0336,0.0279,0.0078,0.055
1991-01,0.0512,0.0732,0.0637,-0.0205,0.1502,0.0002,0.093,0.0455,-0.0137,0.0747
1991-02,0.103,0.1024,0.0587,0.0855,0.0661,0.0325,0.0833,0.099,0.0484,0.0974
1991-03,0.048,0.0118,0.0137,0.013,0.013,0.0214,0.0861,0.0544,0.0171,0.0307
1991-04,-0.01,-0.0229,0.0054,0.0246,-0.0288,0.0113,0.0199,-0.0114,-0.0004,0.0134
1991-05,0.036,0.1475,0.0755,-0.014,0.0352,-0.0147,0.0772,0.047,0.0015,0.0499
1991-06,-0.0494,-0.0447,-0.0427,-0.0364,-0.0878,-0.015,-0.0429,-0.0421,-0.0237,-0.0524
1991-07,0.0576,-0.0044,0.0312,0.0503,0.0466,0.0311,0.0531,0.0851,0.0399,0.0473
1991-08,0.0547,-0.0216,0.0186,0.0162,0.0284,0.0067,0.036,0.0294,0.0351,0.0319
1991-09,-0.0324,-0.0266,-0.0233,-0.0068,-0.0134,0.0037,-0.0318,-0.0033,0.0371,-0.0065
1991-10,-0.0055,-0.0201,0.0146,0.0205,0.02,0.019,-0.0195,0.0653,0.0125,0.0227
1991-11,-0.0042,-0.0799,-0.0555,-0.0769,-0.0439,-0.0475,-0.0117,-0.0252,0.0189,-0.0541
1991-12,0.1473,0.0761,0.1157,0.0211,0.0916,0.0992,0.1303,0.1661,0.0499,0.1275
1992-01,-0.031,0.105,0.0232,-0.0412,0.067,-0.0287,0.0027,-0.0545,-0.0457,0.02
1992-02,0.0105,0.1232,0.0219,-0.0053,0.0386,-0.0145,0.0263,-0.0273,-0.0124,0.0308
1992-03,-0.0151,0.008,-0.0116,-0.0275,-0.0518,-0.0083,-0.0138,-0.0553,-0.0053,-0.0216
1992-04,0.0075,0.0792,0.0304,0.0945,-0.0103,0.0704,-0.035,-0.023,0.0269,0.0058
1992-05,0.0131,-0.0192,-0.0062,0.0318,0.0002,-0.0246,0.0024,0.0111,0.0254,0.0148
1992-06,-0.028,0.0218,-0.0325,-0.035,-0.0416,0.0132,-0.0189,-0.0478,0.0054,-0.0005
1992-07,0.0467,0.0028,0.0293,0.0531,0.0296,0.0544,0.0379,0.058,0.0672,0.0311
1992-08,0.0087,-0.096,-0.0352,0.0259,-0.0452,-0.0097,-0.0054,-0.0336,-0.0047,-0.0347
1992-09,0.0106,0.0009,0.0179,0.0013,0.034,0.0191,0.041,-0.0498,0.0083,0.0343
1992-10,-0.0082,-0.0001,0.0094,-0.0347,0.0212,-0.0054,0.0438,0.0334,-0.0043,0.0297
1992-11,0.0362,0.0856,0.0393,-0.0269,0.0637,0.0388,0.0709,0.0484,-0.0023,0.0612
1992-12,0.0005,0.0336,0.014,0.0192,0.0001,0.0565,0.0065,-0.0135,0.027,0.0382
1993-01,-0.008,0.0959,0.0013,0.0277,0.0486,0.0133,0.0007,-0.0686,0.0245,0.0337
1993-02,-0.0214,-0.0029,0.0173,0.0599,-0.0033,0.0571,-0.0147,-0.09,0.0622,0.0037
1993-03,0.0,0.054,0.0218,0.0411,0.0223,0.0327,0.0277,0.0073,0.0176,0.0379
1993-04,-0.0932,0.0243,0.0004,0.0114,-0.0375,-0.0287,-0.0814,0.0129,-0.0015,-0.0327
1993-05,0.0267,0.0108,0.0234,0.0177,0.0881,0.0416,0.0592,0.0359,-0.0004,0.0164
1993-06,-0.0069,0.0345,-0.0026,-0.0116,-0.0041,0.0464,-0.0286,-0.0296,0.0318,0.0229
1993-07,-0.0236,0.0151,-0.0009,0.0048,-0.0387,0.0214,0.0073,-0.0599,0.0194,0.0206
1993-08,0.0429,0.0046,0.0346,0.0423,0.0645,0.0524,0.0393,0.0302,0.0369,0.0346
1993-09,-0.0183,0.0101,-0.0189,0.0136,0.0132,-0.0049,-0.0035,0.0086,-0.0064,0.0179
1993-10,0.0606,0.077,0.0309,-0.0195,0.0162,0.0241,0.0477,0.0592,-0.0196,-0.0236
1993-11,0.0068,0.0068,0.0133,-0.0597,-0.0005,-0.0595,0.0058,0.0097,-0.0552,-0.0283
1993-12,0.0147,0.0444,0.0375,0.0061,0.0297,-0.0053,-0.0186,0.0233,0.0161,0.0253
1994-01,-0.0042,0.0716,0.0486,0.0489,0.0469,0.0216,0.0111,0.0181,-0.0121,0.0437
1994-02,-0.0127,-0.0443,-0.0066,-0.0294,0.0163,-0.055,0.0188,-0.056,-0.0497,-0.0387
1994-03,-0.0402,-0.0647,-0.0444,-0.0359,-0.0391,-0.0361,-0.0485,-0.0674,-0.0392,-0.0423
1994-04,0.0123,-0.0059,0.0007,0.042,-0.016,0.0157,0.0023,0.0227,0.0213,0.0135
1994-05,-0.0135,-0.0265,0.0203,0.0092,0.02,0.0163,-0.0183,0.0428,-0.0535,0.0304
1994-06,-0.0189,-0.0342,-0.026,-0.027,-0.0524,0.0062,-0.0263,-0.0343,-0.0312,-0.0256
1994-07,0.0295,0.0356,0.0459,0.0324,0.0384,0.031,0.0097,0.011,0.0516,0.027
1994-08,0.0608,-0.0009,0.0472,-0.001,0.093,0.0108,0.0447,0.1085,0.0066,0.0351
1994-09,-0.0033,-0.0508,-0.0167,-0.021,-0.0042,-0.0123,-0.0234,0.0172,-0.0277,-0.0425
1994-10,0.0219,-0.0174,0.006,0.074,0.0729,-0.0012,0.0131,0.0088,0.0157,0.0005
1994-11,-0.0167,-0.0506,-0.0545,-0.0485,-0.0211,-0.0544,-0.0342,0.0044,0.0027,-0.0517
1994-12,0.0133,0.0388,0.0401,-0.0101,0.0245,0.0088,-0.0277,0.0057,0.0035,0.0141
1995-01,0.0181,-0.0577,-0.004,0.0037,-0.0081,0.0416,0.0156,0.0618,0.0621,0.0471
1995-02,0.0298,0.0513,0.056,0.0448,0.0675,0.0151,0.0267,0.0226,0.0082,0.0485
1995-03,0.0275,0.0143,0.0349,0.0528,0.0455,0.0025,0.0362,0.028,-0.0175,0.019
1995-04,0.019,0.0145,0.0294,0.0224,0.0826,0.0162,-0.0171,0.03,0.0238,0.0177
1995-05,0.0478,0.0478,0.0318,0.0409,0.0303,0.0093,0.0265,0.0163,0.0602,0.0449
1995-06,0.0168,0.0075,0.0211,-0.0308,0.0989,0.0389,0.0493,0.045,-0.0045,0.0221
1995-07,0.0116,0.0264,0.0357,0.023,0.079,0.0504,0.0358,0.0552,-0.0037,0.0476
1995-08,0.0065,0.0076,-0.0021,-0.0158,-0.0006,0.044,-0.0272,0.0104,0.0099,0.0373
1995-09,0.0674,-0.0052,0.0215,0.013,0.0138,0.0577,0.0287,0.0737,0.0627,0.045
1995-10,0.0056,-0.0479,-0.0264,-0.0028,0.0139,0.0015,-0.0549,0.0104,0.0148,-0.0204
1995-11,0.0452,0.0542,0.0646,0.0477,-0.0065,0.028,0.0616,0.0499,0.0158,0.0612
1995-12,0.0152,0.0316,0.0142,0.0581,-0.0432,0.0413,-0.0083,0.0592,0.0509,0.0106
1996-01,0.0262,0.0351,0.0329,-0.0041,0.0184,0.0231,-0.003,0.0602,0.0186,0.0354
1996-02,0.0322,0.02,0.0094,0.0104,0.0645,-0.025,0.0441,-0.011,-0.0265,0.0215
1996-03,-0.0084,0.0433,0.0342,0.0501,-0.0341,-0.0201,0.0599,0.0024,-0.0051,0.018
1996-04,0.0015,0.0353,0.0171,0.0344,0.1009,0.0286,0.0426,-0.0061,-0.0266,0.0025
1996-05,0.0655,0.0224,0.023,0.0045,0.0395,-0.0002,0.044,0.0389,0.0132,0.0151
1996-06,0.0318,-0.0493,-0.0044,0.0097,-0.0494,0.0055,-0.0171,-0.0024,0.0525,-0.0025
1996-07,-0.0407,-0.045,-0.04,-0.0464,-0.0742,-0.0849,-0.0756,-0.0628,-0.0581,-0.0426
1996-08,-0.008,0.0307,0.0325,0.0294,0.0439,-0.0133,0.0594,0.0432,0.0289,0.039
1996-09,0.0373,0.0126,0.0607,0.0404,0.1064,0.0177,0.0366,0.0736,0.0068,0.0515
1996-10,0.0158,0.0374,0.016,0.0597,-0.0192,-0.0046,-0.0224,-0.0085,0.036,0.0395
1996-11,0.0513,0.0587,0.0606,0.0553,0.1191,0.0549,0.0318,0.0661,0.0261,0.0748
1996-12,0.005,-0.0241,-0.004,0.008,-0.027,0.029,-0.0352,-0.0259,0.0013,-0.0183
1997-01,0.0574,0.0284,0.0419,0.0438,0.0935,0.0233,0.0015,0.0954,0.0092,0.0605
1997-02,0.0413,0.0056,0.007,-0.0574,-0.074,0.0257,0.03,0.0093,-0.0057,0.026
1997-03,-0.0523,-0.0323,-0.0365,0.0527,-0.0567,-0.0785,-0.0133,-0.0748,-0.0278,-0.0583
1997-04,0.0531,0.039,0.054,0.0005,0.0765,0.0257,0.0227,0.0611,-0.0139,0.0507
1997-05,0.0593,0.0627,0.0782,0.0732,0.1019,0.0656,0.0595,0.0699,0.0379,0.0614
1997-06,0.0357,0.0347,0.052,0.0131,0.0143,0.0346,0.0507,0.0888,0.0306,0.0525
1997-07,0.0334,0.0742,0.0721,0.0745,0.1598,0.0246,0.0782,0.021,0.0281,0.0928
1997-08,-0.0639,0.0128,-0.0552,0.0032,-0.0137,-0.0274,-0.0255,-0.0611,-0.0116,-0.0478
1997-09,0.0553,0.0531,0.0335,0.063,0.0346,0.097,0.0522,0.0662,0.0464,0.0804
1997-10,-0.0314,-0.0328,-0.0588,-0.0201,-0.0829,0.0289,-0.0212,0.001,0.0093,-0.0276
1997-11,0.065,-0.0159,0.0423,-0.0357,0.0145,0.1069,0.0543,0.0282,0.0714,0.0297
1997-12,0.0377,0.0397,-0.0015,-0.0145,-0.0422,0.0422,-0.0025,0.0353,0.0794,0.0514
1998-01,-0.0274,0.005,0.007,-0.0575,0.0528,0.0504,0.009,0.0568,-0.044,-0.0193
1998-02,0.0496,0.1227,0.0714,0.0684,0.1035,0.0241,0.1036,0.0551,0.0263,0.0825
1998-03,0.059,0.0615,0.0483,0.0478,0.0132,0.1011,0.0654,0.0357,0.0675,0.0596
1998-04,-0.0324,0.0092,0.0123,0.0378,0.0515,-0.032,-0.0052,0.0191,-0.0252,0.0196
1998-05,0.011,0.0707,-0.0246,-0.0424,-0.0701,-0.0179,0.0218,-0.025,-0.0088,-0.0307
1998-06,0.0418,0.0167,-0.006,-0.0136,0.0874,0.0302,0.0497,0.0617,0.0281,0.0322
1998-07,-0.0414,-0.0124,-0.0569,-0.0673,0.0045,0.0393,-0.0296,-0.0026,-0.054,-0.0186
1998-08,-0.131,-0.1879,-0.1431,-0.1041,-0.1765,-0.118,-0.1424,-0.1235,0.0196,-0.2146
1998-09,0.0125,0.0103,0.0055,0.1304,0.1516,0.1016,0.0147,0.1204,0.0815,0.0278
1998-10,0.1099,0.1104,0.1129,0.0125,0.0627,0.0686,0.107,0.0387,-0.0178,0.0902
1998-11,0.0642,0.0532,0.0361,0.0042,0.1167,0.0361,0.0949,0.0619,0.0134,0.0611
1998-12,0.0033,0.0389,0.0236,-0.012,0.152,0.1435,0.0923,0.05,0.0286,0.0345
1999-01,-0.0348,0.052,0.0052,-0.0557,0.151,0.0895,0.0224,0.0022,-0.0624,0.0095
1999-02,-0.0398,-0.0461,-0.0203,-0.0317,-0.1148,-0.0289,-0.0137,0.0018,-0.0362,0.0002
1999-03,-0.0202,-0.0025,0.0476,0.1541,0.0841,-0.0096,0.0269,0.0252,-0.0164,0.0244
1999-04,0.0392,0.0973,0.0938,0.1584,0.0227,0.0774,0.0044,-0.0553,0.0735,0.0669
1999-05,0.0136,-0.0461,-0.0322,-0.031,-0.0076,0.0103,-0.0307,-0.0203,0.0672,-0.0391
1999-06,0.0027,0.0093,0.0449,-0.0141,0.1162,0.0582,0.0816,0.0449,-0.0448,0.0301
1999-07,-0.0245,-0.0586,-0.012,0.0173,-0.0171,-0.0189,-0.0503,-0.0443,-0.0044,-0.0595
1999-08,-0.0459,0.0065,-0.0053,0.0182,0.055,-0.0797,-0.0594,0.0371,0.0055,-0.0508
1999-09,-0.0683,-0.0845,-0.031,-0.0402,-0.0017,0.0408,0.0134,-0.0707,-0.0433,-0.0452
1999-10,0.066,0.0435,0.0581,-0.0149,0.0301,0.0877,0.0318,0.1077,0.0221,0.1154
1999-11,-0.011,-0.021,-0.01,0.0382,0.1271,0.0443,0.0417,0.0151,-0.0739,-0.0248
1999-12,-0.0263,0.0267,0.1033,0.0084,0.2077,0.0293,0.0668,-0.0565,-0.0228,0.0137
2000-01,-0.0472,-0.0127,-0.0869,0.0124,-0.0525,-0.0354,-0.1111,0.0759,0.0603,-0.0477
2000-02,-0.0627,-0.0827,-0.0385,-0.0541,0.18,-0.041,-0.0393,-0.0275,-0.0716,-0.0738
2000-03,0.0742,0.1062,0.0749,0.1169,0.0419,0.0767,0.1334,0.0016,0.0594,0.1439
2000-04,-0.0195,0.0883,0.0142,-0.0199,-0.105,-0.0762,-0.0446,0.0526,0.0748,-0.0285
2000-05,0.0708,-0.1251,-0.0169,0.0938,-0.1076,-0.1076,-0.0284,0.0396,0.0397,0.0336
2000-06,0.022,-0.0903,-0.0123,-0.0505,0.1261,0.0404,-0.0223,0.1155,-0.0472,-0.0311
2000-07,0.0072,0.0486,-0.0148,-0.0258,-0.0518,-0.0746,-0.0123,-0.0647,0.0421,0.0534
2000-08,-0.0208,0.0536,0.0738,0.0874,0.1268,-0.0139,-0.0239,0.0346,0.1176,0.0924
2000-09,0.0371,-0.0431,-0.0569,0.0451,-0.1482,-0.0335,0.0266,0.0371,0.0916,0.0025
2000-10,0.0774,0.0247,0.0351,-0.029,-0.0748,-0.0024,-0.0183,0.0208,-0.0181,-0.0129
2000-11,0.0274,-0.1153,-0.0313,-0.0253,-0.2316,-0.1546,-0.0104,0.0075,0.0306,-0.0602
2000-12,0.055,-0.0018,0.0695,0.0769,-0.0799,-0.0457,0.0566,0.0351,0.066,0.0713
2001-01,-0.022,0.134,-0.0107,-0.0337,0.1603,0.1438,0.0643,-0.0851,-0.1077,0.0007
2001-02,0.0013,-0.0116,-0.0391,0.0004,-0.2605,-0.0985,-0.0536,-0.0055,0.0616,-0.043
2001-03,-0.0478,-0.0287,-0.061,-0.0014,-0.1386,-0.0579,-0.0288,-0.0857,0.0124,-0.0451
2001-04,0.009,0.0859,0.0747,0.1006,0.1804,0.027,0.0561,0.0423,0.0553,0.0609
2001-05,0.0339,-0.0162,0.0219,0.0009,-0.0321,-0.0138,0.0161,0.0281,0.0024,0.0363
2001-06,-0.0153,0.0373,-0.0463,-0.0752,0.014,-0.0311,-0.0259,-0.0307,-0.0605,-0.0008
2001-07,-0.0017,0.0318,0.0052,-0.0223,-0.0753,-0.0056,0.0458,0.0231,-0.0383,-0.022
2001-08,0.0247,-0.1123,-0.0199,-0.0352,-0.1265,-0.093,-0.0698,-0.0309,0.0052,-0.0535
2001-09,-0.0298,-0.1696,-0.128,-0.0562,-0.1898,-0.0197,-0.0952,-0.006,-0.0658,-0.08
2001-10,0.0126,0.01,0.0388,0.0473,0.1573,-0.0967,0.0157,0.0124,0.0187,-0.0097
2001-11,0.0219,0.1548,0.0843,-0.0407,0.1589,0.058,0.0982,0.0503,-0.0154,0.073
2001-12,0.0192,-0.0074,0.0262,0.0595,-0.0064,0.0254,0.0433,-0.0282,0.0404,0.0367
2002-01,0.0146,0.0294,0.0154,-0.0288,-0.005,-0.0694,0.0262,-0.0241,-0.0434,-0.0168
2002-02,0.0427,0.0316,0.0442,0.0546,-0.1309,-0.0221,-0.0015,-0.0046,-0.0037,-0.0025
2002-03,0.0403,0.0686,0.0497,0.0767,0.0647,0.0012,0.0209,0.0054,0.1028,0.0518
2002-04,0.0247,0.018,-0.0144,-0.0454,-0.1177,-0.1296,-0.0163,-0.0752,-0.0041,-0.0282
2002-05,0.0125,-0.0031,-0.0028,-0.0077,-0.0374,0.032,-0.0143,-0.0227,-0.0691,-0.0052
2002-06,-0.0585,-0.081,-0.0306,-0.0006,-0.1213,-0.1402,-0.051,-0.0968,-0.058,-0.0516
2002-07,-0.0662,-0.1218,-0.085,-0.1183,-0.0974,-0.1179,-0.1143,-0.0257,-0.1213,-0.0638
2002-08,0.0224,0.0057,-0.0127,0.0063,-0.0094,0.0014,0.0185,0.0063,0.0341,0.0114
2002-09,-0.0767,-0.1093,-0.0835,-0.0811,-0.166,-0.0963,-0.0943,-0.0588,-0.1084,-0.106
2002-10,0.0506,-0.0309,0.0379,0.0318,0.194,0.2211,0.0574,0.0567,-0.0062,0.0637
2002-11,-0.0109,0.119,0.0626,0.0301,0.1624,0.1176,0.0189,0.0378,0.0157,0.0421
2002-12,-0.0025,-0.0717,-0.0377,0.0084,-0.1291,-0.0944,-0.0697,-0.0407,0.0384,-0.0479
2003-01,-0.0394,-0.0316,-0.0409,-0.025,-0.015,-0.04,-0.0477,-0.0061,-0.0327,-0.0238
2003-02,-0.0288,-0.0499,-0.0226,0.0194,0.0117,-0.0661,-0.0122,-0.0196,-0.0397,-0.027
2003-03,-0.0259,-0.0263,0.0131,0.015,-0.0095,-0.0066,0.0465,0.0379,0.0431,0.0104
2003-04,0.0439,0.1496,0.0638,-0.0047,0.0918,0.115,0.0899,0.0439,0.0731,0.1163
2003-05,0.0951,0.0286,0.0465,0.0864,0.098,0.0629,0.0349,0.0394,0.1012,0.0523
2003-06,0.0164,0.0284,0.005,-0.0096,0.0035,0.0191,0.0344,0.0415,0.0074,0.0091
2003-07,-0.0168,0.066,0.0498,-0.0262,0.0562,-0.0193,0.0329,0.0048,-0.0515,0.0359
2003-08,0.003,0.0785,0.0413,0.0618,0.0607,0.0116,0.0674,-0.0282,0.0192,0.0064
2003-09,0.0113,-0.0415,-0.0375,-0.0218,-0.0091,-0.0564,-0.0454,0.0029,0.0385,0.0026
2003-10,0.0594,0.0699,0.0892,0.0164,0.0828,0.0681,0.0902,0.0087,0.0151,0.0634
2003-11,0.0361,0.0308,0.0207,0.0065,0.0185,-0.0068,0.0054,0.0183,0.0095,0.0115
2003-12,0.0344,0.1227,0.0673,0.136,0.0216,0.0764,-0.0213,0.0565,0.0585,0.0427
2004-01,0.0006,-0.0118,-0.0064,0.0023,0.0451,0.014,0.0045,0.0309,0.0191,0.029
2004-02,0.0425,-0.0008,0.0197,0.0453,-0.0292,-0.0049,0.0609,0.009,0.0211,0.0213
2004-03,-0.0009,-0.0119,-0.003,0.0002,-0.0251,-0.0206,0.0029,-0.0392,0.0114,-0.0064
2004-04,0.0142,0.0228,-0.0014,0.0266,-0.0489,-0.0048,-0.027,0.0352,-0.0356,-0.0381
2004-05,-0.0189,-0.0165,0.0164,0.0058,0.0482,-0.0295,0.003,-0.0041,0.0125,0.0173
2004-06,0.0166,0.0502,0.0533,0.0544,0.0267,0.0082,0.0004,-0.005,0.0203,0.0132
2004-07,-0.0598,-0.0464,-0.0405,0.0332,-0.0851,-0.0102,-0.0403,-0.0592,0.0106,-0.0235
2004-08,0.0077,-0.0223,0.0134,-0.0139,-0.0451,0.0117,-0.012,0.0164,0.0366,0.0188
2004-09,-0.02,0.023,0.0192,0.0884,0.0347,0.0141,0.0261,-0.014,0.0138,0.0111
2004-10,0.0283,-0.03,-0.0143,0.0064,0.0515,0.0346,0.0306,-0.0244,0.0424,0.011
2004-11,0.046,0.0727,0.0722,0.0657,0.0576,0.0361,0.0367,0.0068,0.0489,0.0472
2004-12,0.0479,0.0488,0.0251,-0.0231,0.031,0.0429,0.035,0.0566,0.0249,0.0443
2005-01,0.0021,-0.0702,-0.0176,0.0303,-0.0635,-0.0421,-0.0107,-0.0408,0.0176,-0.0218
2005-02,0.0072,-0.0025,0.041,0.1941,0.0004,-0.003,0.0083,0.0244,0.0236,0.0015
2005-03,-0.0085,-0.08,-0.0143,-0.0344,-0.0253,-0.0018,0.0004,-0.0047,0.0061,-0.0237
2005-04,-0.0095,-0.1109,-0.0468,-0.056,-0.0447,-0.02,-0.0529,0.0395,0.0213,-0.016
2005-05,0.0234,0.0884,0.0291,0.0207,0.082,0.0154,0.0643,0.0148,0.0166,0.0324
2005-06,-0.0168,0.021,-0.0116,0.0576,-0.0164,0.0014,0.0243,-0.0059,0.0556,0.0142
2005-07,0.0261,0.0541,0.0583,0.0614,0.0616,0.0309,0.0582,0.0372,0.0298,0.0242
2005-08,0.0001,-0.0287,-0.0136,0.057,-0.0036,-0.0125,-0.0562,-0.0031,0.0125,-0.0168
2005-09,0.0013,-0.0515,0.0084,0.0726,0.0065,-0.0147,-0.018,-0.0192,0.0438,0.0128
2005-10,-0.0192,-0.0438,-0.0248,-0.1016,-0.0178,-0.0298,0.0156,-0.0327,-0.0685,0.0136
2005-11,0.0116,0.0222,0.0533,0.0101,0.0647,0.0263,0.0396,0.0158,-0.0022,0.0493
2005-12,0.0023,-0.0064,0.0144,0.0049,-0.0191,-0.0166,-0.0059,0.0239,0.0124,0.0012
2006-01,0.0011,0.0585,0.0518,0.1254,0.0408,0.0382,0.0201,0.0217,0.0303,0.0159
2006-02,0.0127,-0.0045,0.0103,-0.0814,-0.0099,0.0333,0.0141,0.0107,0.0022,0.0097
2006-03,0.0133,0.0275,0.0304,0.04,0.0286,0.0182,0.0243,-0.0096,-0.0364,0.0186
2006-04,0.0117,0.0034,0.0406,0.0467,-0.0115,0.0168,-0.0158,-0.0196,0.0185,0.0213
2006-05,0.0168,0.0068,-0.0337,-0.0346,-0.069,-0.0022,-0.0188,-0.0218,0.015,-0.0325
2006-06,0.003,0.0177,-0.0049,0.0273,-0.0144,0.0296,0.0029,-0.0012,0.0241,-0.0037
2006-07,0.035,-0.0301,-0.0365,0.0511,-0.0379,0.0242,-0.0429,0.0414,0.0483,-0.009
2006-08,0.0308,0.0237,0.0205,-0.0329,0.0742,0.0228,0.0222,0.0233,0.0228,0.0172
2006-09,-0.0062,0.0428,0.0189,-0.0382,0.0357,0.0366,0.0569,0.0153,-0.0211,0.0323
2006-10,0.028,0.0498,0.0442,0.0516,0.0405,0.0519,0.0396,0.0171,0.0536,0.0298
2006-11,0.0141,0.0178,0.0354,0.086,0.0301,0.0063,-0.0128,0.0006,0.0306,0.0161
2006-12,0.02,-0.0077,0.0051,-0.0193,-0.0099,0.0433,0.0145,0.0015,0.0073,0.0321
2007-01,0.0152,0.0285,0.0317,-0.0134,0.02,0.03,0.0365,0.035,0.0051,0.0105
2007-02,-0.0153,-0.0048,0.0077,-0.0211,-0.0234,-0.0277,-0.0059,-0.0285,0.0414,-0.0228
2007-03,0.0262,-0.0104,0.0161,0.0588,0.0086,0.0232,0.0075,-0.0025,0.0433,-0.0024
2007-04,0.0362,0.0621,0.0441,0.0514,0.0489,0.0174,0.0229,0.068,0.0394,0.033
2007-05,0.0289,0.0319,0.0478,0.0713,0.0393,0.0731,0.0236,0.0114,0.012,0.0318
2007-06,-0.0106,0.0187,-0.0068,0.0087,0.0052,-0.018,-0.0197,-0.034,-0.0483,-0.0274
2007-07,-0.0419,-0.0581,-0.0001,-0.0112,-0.0106,-0.031,-0.0535,-0.0399,-0.0372,-0.0533
2007-08,0.0183,-0.0173,0.0067,0.0029,0.0291,-0.0086,0.0152,0.0227,0.0184,0.0117
2007-09,0.0395,0.0174,0.0544,0.0786,0.0421,0.0205,-0.0063,0.0353,0.0354,0.0266
2007-10,0.0216,0.01,0.0098,0.0281,0.0682,-0.0217,0.0118,0.0154,0.0683,0.002
2007-11,0.0085,-0.0902,-0.0265,-0.0436,-0.0753,-0.0643,-0.0375,0.0003,-0.0072,-0.0598
2007-12,-0.0101,-0.0219,0.01,0.0768,0.0149,-0.0025,-0.0267,-0.0398,0.009,-0.0347
2008-01,-0.052,-0.054,-0.0743,-0.0908,-0.1237,-0.0775,-0.0049,-0.046,-0.0693,-0.0208
2008-02,-0.0006,-0.0597,0.0074,0.0687,-0.0358,-0.0388,-0.0465,-0.0093,-0.0302,-0.0787
2008-03,0.0121,-0.0413,-0.001,-0.0294,0.0066,-0.0005,0.0186,-0.0177,0.0081,-0.0192
2008-04,-0.0108,0.066,0.0504,0.107,0.0646,0.0469,0.0501,0.0044,0.0639,0.0347
2008-05,0.0332,0.0136,0.033,0.0423,0.0568,0.0473,0.0118,0.0163,0.0358,-0.0235
2008-06,-0.0742,-0.1956,-0.0925,0.0276,-0.0883,-0.1089,-0.0808,-0.0301,-0.004,-0.1464
2008-07,0.0225,-0.0023,-0.0028,-0.1567,-0.0053,-0.0318,0.0114,0.0673,-0.0713,0.043
2008-08,0.0172,0.0176,0.0142,-0.0003,0.0239,0.04,0.0538,0.018,-0.0043,0.0041
2008-09,-0.0293,-0.0919,-0.1348,-0.121,-0.1244,-0.1261,-0.0577,-0.0596,-0.1194,-0.06
2008-10,-0.1302,-0.3318,-0.2075,-0.1667,-0.1833,-0.1556,-0.1513,-0.1103,-0.1112,-0.198
2008-11,-0.0547,-0.103,-0.0776,0.0022,-0.109,-0.0158,-0.0769,-0.0735,0.0123,-0.124
2008-12,0.0086,0.003,0.0137,-0.0242,0.0217,0.0346,0.0488,0.0674,-0.0204,0.0076
2009-01,-0.0513,-0.1378,-0.0914,-0.0353,-0.0323,-0.1028,-0.076,-0.0221,-0.0082,-0.1781
2009-02,-0.0765,-0.1227,-0.1349,-0.1246,-0.0506,-0.0694,-0.0306,-0.0995,-0.1259,-0.1453
2009-03,0.0642,0.1195,0.0761,0.0395,0.115,0.0751,0.0995,0.0706,0.0279,0.1301
2009-04,0.0496,0.4552,0.1733,0.0453,0.1227,0.0966,0.0953,-0.009,0.0209,0.1617
2009-05,0.0716,-0.0365,0.0549,0.1037,0.0303,0.0105,-0.0094,0.062,0.0463,0.0723
2009-06,0.0065,0.0431,-0.0171,-0.0475,0.0455,0.0165,-0.0029,0.0359,0.0463,-0.0202
2009-07,0.0731,0.1973,0.1132,0.0533,0.0812,0.0552,0.0676,0.0549,0.0441,0.0916
2009-08,0.0074,0.0245,0.0297,0.0079,0.0227,0.0073,0.037,0.0221,0.0025,0.077
2009-09,0.0421,0.0214,0.0652,0.0507,0.0522,0.0648,0.024,0.0239,0.0224,0.0314
2009-10,-0.0062,-0.0063,-0.0285,0.0245,-0.0152,-0.0348,0.0005,-0.0372,-0.0271,-0.0538
2009-11,0.0386,0.1036,0.076,0.0326,0.0485,0.0652,0.0501,0.0823,0.0457,0.0566
2009-12,0.0264,0.0569,0.0288,-0.005,0.0599,0.0642,0.0195,0.0247,0.0586,0.0073
2010-01,-0.024,-0.0043,-0.0332,-0.0484,-0.0784,-0.0672,-0.0184,-0.0002,-0.0444,-0.0054
2010-02,0.0266,0.0739,0.0521,0.0261,0.0481,0.0276,0.043,0.0038,-0.0042,0.0364
2010-03,0.0589,0.0935,0.0652,0.0323,0.0669,0.0763,0.0626,0.0363,0.0312,0.081
2010-04,-0.0102,0.0726,0.0319,0.0405,0.0228,0.0341,0.0255,-0.0218,0.0285,0.0183
2010-05,-0.0573,-0.0906,-0.0842,-0.1027,-0.0778,-0.0586,-0.0536,-0.0806,-0.0629,-0.0876
2010-06,-0.019,-0.1067,-0.058,-0.0636,-0.0617,-0.0384,-0.0906,-0.0167,-0.007,-0.0652
2010-07,0.0736,0.1572,0.0966,0.0769,0.0731,0.0953,0.0461,0.0214,0.0681,0.0681
2010-08,-0.0117,-0.0967,-0.0549,-0.0343,-0.0653,-0.0199,-0.0397,-0.0166,0.0037,-0.071
2010-09,0.0614,0.1352,0.1009,0.0921,0.1256,0.0787,0.1215,0.0901,0.0365,0.0851
2010-10,0.0434,0.0849,0.0512,0.0459,0.0641,0.0457,0.0242,0.0198,0.0186,0.0203
2010-11,-0.0007,0.0747,0.0143,0.0552,-0.0074,-0.0189,0.0417,-0.0334,-0.0133,0.005
2010-12,0.0435,0.0861,0.0701,0.0941,0.0599,0.0658,0.0323,0.0544,0.0322,0.0923
2011-01,-0.0237,0.003,0.0298,0.0693,0.0393,0.0007,-0.0086,-0.0072,0.022,0.021
2011-02,0.0472,-0.0178,0.0342,0.0763,0.0242,0.074,0.0226,0.0332,0.0243,0.0294
2011-03,0.0302,0.0174,0.0186,0.021,-0.0145,0.0168,0.011,0.0229,0.0092,-0.0108
2011-04,0.0461,0.0222,0.0296,0.0159,0.0314,0.033,0.0451,0.0634,0.04,0.0106
2011-05,0.0204,-0.0354,-0.0217,-0.0452,-0.0175,0.0077,0.0088,0.0195,0.0132,-0.0264
2011-06,-0.0108,-0.0106,-0.0061,-0.0234,-0.0246,-0.0139,-0.0089,-0.0188,-0.0034,-0.0212
2011-07,-0.0042,-0.0893,-0.048,0.005,-0.0052,-0.0495,-0.0064,-0.0366,-0.0033,-0.0366
2011-08,-0.0066,-0.1208,-0.0614,-0.1002,-0.0679,-0.0506,-0.0289,-0.0316,0.0017,-0.0815
2011-09,-0.0488,-0.141,-0.1097,-0.1231,-0.048,-0.0577,-0.0389,-0.0395,-0.0161,-0.111
2011-10,0.0629,0.2328,0.1409,0.1624,0.118,0.0759,0.0977,0.0554,0.067,0.1359
2011-11,0.0144,-0.0802,0.0139,0.0215,-0.02,0.003,0.0106,0.013,0.01,-0.0203
2011-12,0.0189,-0.012,-0.0078,-0.0036,-0.0142,0.0313,0.009,0.0351,0.0293,0.0146
2012-01,0.0039,0.1355,0.0674,0.0103,0.0849,0.0237,0.0407,0.0341,-0.0271,0.0723
2012-02,0.0393,0.0605,0.0386,0.0649,0.0664,0.0485,0.0312,0.0126,0.0131,0.0421
2012-03,0.0388,0.0094,0.0068,-0.0327,0.0466,0.0231,0.0466,0.0394,0.0148,0.049
2012-04,0.0081,-0.0702,-0.0072,-0.0157,-0.0211,0.0175,0.0096,0.0061,0.0173,-0.0166
2012-05,-0.0267,-0.0816,-0.0778,-0.1056,-0.0785,-0.0081,-0.0305,-0.0325,-0.0091,-0.0773
2012-06,0.0342,-0.0556,0.0125,0.0578,0.0291,0.0705,0.0217,0.0683,0.034,0.0489
2012-07,0.0138,0.0038,0.0086,0.0282,-0.0011,0.0414,0.0124,0.0163,0.0362,-0.0123
2012-08,0.0012,0.0415,0.0326,0.0237,0.048,0.0097,0.0275,0.0098,-0.0344,0.0312
2012-09,0.0089,0.0357,0.0166,0.0382,0.0124,0.0486,0.0195,0.0469,0.0211,0.0379
2012-10,-0.0171,0.0588,-0.0062,-0.0188,-0.0634,-0.024,-0.0102,-0.0191,0.0109,0.0091
2012-11,0.0322,0.0312,0.0266,-0.015,0.0146,0.0007,0.0146,0.015,-0.0376,-0.0037
2012-12,-0.0228,0.0731,0.0276,0.0133,0.0036,0.0115,-0.0112,-0.0053,0.0008,0.0367
2013-01,0.051,0.035,0.0605,0.0747,0.0238,0.0485,0.0558,0.0808,0.0505,0.0676
2013-02,0.0319,0.0001,0.0128,0.0068,0.0067,0.0229,0.0085,0.0132,0.022,0.0141
2013-03,0.0506,0.0403,0.0261,0.0207,0.0272,0.0564,0.0472,0.0651,0.0568,0.0418
2013-04,0.0378,0.0365,0.0075,-0.0139,0.004,0.043,0.0269,0.026,0.0513,0.0083
2013-05,-0.0231,0.0988,0.0348,0.0305,0.0455,-0.018,0.0223,0.0162,-0.0711,0.0592
2013-06,0.0011,-0.0046,-0.0199,-0.0239,-0.0292,0.0209,-0.0006,-0.0137,0.0082,-0.0119
2013-07,0.0286,0.0901,0.0615,0.0518,0.057,0.0342,0.059,0.0808,0.0458,0.0569
2013-08,-0.0393,-0.0102,-0.0184,-0.0189,-0.002,-0.0329,-0.0423,-0.0368,-0.0442,-0.0364
2013-09,0.0195,0.0647,0.052,0.0197,0.0383,0.0428,0.0451,0.0416,0.0104,0.0383
2013-10,0.0481,0.0076,0.0452,0.0478,0.038,0.0581,0.0511,0.0356,0.0334,0.039
2013-11,0.0129,0.0188,0.0287,0.0085,0.0358,0.0009,0.0368,0.0449,-0.018,0.0479
2013-12,0.0245,0.0124,0.0311,0.0305,0.0399,0.0397,0.0028,0.0062,0.0179,0.031
2014-01,-0.0575,-0.0361,-0.0419,-0.0689,-0.0139,-0.038,-0.0645,0.0188,0.0249,-0.0437
2014-02,0.0343,0.08,0.0539,0.0566,0.0514,0.0256,0.0535,0.0648,0.0308,0.0349
2014-03,0.0326,-0.0113,0.0037,0.0244,-0.0062,0.0017,-0.0058,-0.0256,0.0268,0.0198
2014-04,0.0154,0.0033,0.009,0.0567,-0.0105,0.0039,-0.0095,-0.0041,0.0398,-0.0197
2014-05,0.0347,0.0069,0.0119,0.0088,0.0339,0.041,0.0098,0.0187,0.0,0.0186
2014-06,0.0116,0.0445,0.0137,0.0412,0.0288,0.0154,0.0129,0.029,0.0541,0.0245
2014-07,-0.0434,-0.0466,-0.0413,-0.0355,0.0023,0.0079,-0.0225,-0.003,-0.064,-0.0227
2014-08,0.0556,0.0519,0.0481,0.0231,0.0424,0.0032,0.0501,0.0554,0.0531,0.0412
2014-09,-0.001,-0.0941,-0.0254,-0.0783,-0.0135,-0.0144,-0.0144,-0.0022,-0.0337,-0.0113
2014-10,0.0267,0.0372,0.0238,-0.0419,0.0146,0.0131,0.0306,0.059,0.0671,0.0344
2014-11,0.0474,0.0473,0.0225,-0.0959,0.043,0.0246,0.0757,0.0252,0.0026,0.0249
2014-12,-0.0241,0.006,-0.0011,0.0054,-0.012,-0.0204,0.016,-0.0082,0.0186,0.0117
2015-01,-0.0055,-0.0436,-0.0375,-0.0431,-0.0349,-0.0447,-0.0025,0.0159,0.0124,-0.0636
2015-02,0.0513,0.0818,0.0614,0.0473,0.0825,0.0891,0.0556,0.0424,-0.0435,0.0721
2015-03,-0.0244,-0.0046,-0.0206,-0.0249,-0.0247,-0.0211,0.0069,0.0076,-0.0032,-0.0059
2015-04,0.0085,-0.0101,-0.0071,0.0667,0.0144,0.036,-0.0219,-0.0142,0.0028,0.0062
2015-05,0.0149,0.0104,0.0089,-0.051,0.0199,0.0033,0.0094,0.0491,-0.0046,0.0174
2015-06,-0.0134,-0.0165,-0.0197,-0.0377,-0.0358,-0.0052,-0.0057,0.0016,-0.0529,0.0003
2015-07,0.0496,-0.0209,-0.0206,-0.0893,0.0238,0.0155,0.0491,0.0349,0.0265,0.0182
2015-08,-0.0411,-0.0614,-0.0562,-0.0364,-0.0579,-0.0838,-0.0537,-0.0837,-0.0406,-0.0618
2015-09,-0.0056,-0.033,-0.0426,-0.0574,-0.0148,-0.0249,-0.0179,-0.0695,-0.005,-0.0306
2015-10,0.068,0.0678,0.0942,0.1217,0.1018,0.0907,0.0451,0.075,0.0209,0.066
2015-11,-0.0091,0.0194,0.0043,0.0106,0.0125,-0.0202,0.0091,0.0057,-0.0344,0.0138
2015-12,0.0078,-0.0399,-0.0258,-0.0961,-0.0263,-0.0297,0.0031,0.0029,-0.0236,-0.0267
2016-01,0.0017,-0.1263,-0.0572,-0.0436,-0.0612,0.0034,-0.0418,-0.1013,0.0467,-0.0877
2016-02,0.0059,0.0409,0.0335,-0.0295,-0.0086,0.0095,0.0007,-0.0098,0.0175,-0.0043
2016-03,0.05,0.108,0.069,0.1089,0.0835,0.0613,0.0572,0.0396,0.0786,0.0716
2016-04,0.003,0.0152,0.0232,0.0917,-0.041,0.0067,-0.0064,0.0495,-0.008,0.0239
2016-05,0.0073,-0.012,-0.0052,-0.0059,0.0507,0.0029,0.0098,0.0241,0.0224,0.012
2016-06,0.0473,-0.058,0.0092,0.0255,-0.0177,0.0357,0.0088,-0.0016,0.0742,-0.0307
2016-07,-0.0006,0.0881,0.0407,-0.0273,0.0763,0.0224,0.0351,0.0616,-0.0026,0.0375
2016-08,-0.0061,0.0019,0.0148,0.0161,0.018,-0.0317,-0.0142,-0.0314,-0.0377,0.033
2016-09,-0.0248,-0.0166,-0.0009,0.0283,0.023,0.0048,-0.0067,0.0058,0.0183,-0.011
2016-10,-0.0018,-0.0356,-0.0258,-0.0296,-0.0114,-0.0303,-0.0397,-0.0752,-0.0067,0.0074
2016-11,-0.0387,0.0749,0.0629,0.0957,0.0062,0.0655,0.0439,0.024,-0.0264,0.1164
2016-12,0.0346,0.04,0.005,0.0197,0.0095,0.0488,-0.004,0.0072,0.0361,0.0297
2017-01,0.0169,0.0294,0.0335,-0.0429,0.0458,0.0336,0.0103,0.0203,0.0107,0.0095
2017-02,0.0375,0.0062,0.0416,-0.0246,0.0489,-0.0003,0.0282,0.07,0.0398,0.0368
2017-03,0.0088,0.0023,0.0013,-0.0119,0.0209,0.0092,0.0081,0.0004,0.0037,-0.0166
2017-04,0.0051,0.0185,0.0186,-0.0274,0.0261,0.0017,0.027,0.0091,0.0033,0.003
2017-05,0.0323,-0.0036,0.0129,-0.0336,0.0423,-0.014,0.0165,-0.0026,0.0243,-0.0052
2017-06,-0.0106,0.0359,0.0121,-0.0015,-0.0204,-0.0245,-0.0194,0.0554,-0.0191,0.0441
2017-07,-0.0013,-0.0119,0.0218,0.0206,0.0367,0.0527,0.0016,0.007,0.0299,0.0136
2017-08,-0.0175,-0.0002,0.0034,-0.0509,0.0301,-0.0247,-0.0163,0.0259,0.0217,-0.0064
2017-09,-0.004,0.0529,0.0422,0.1093,0.0068,-0.0151,0.0242,0.0209,-0.0195,0.0457
2017-10,0.0008,0.012,0.0278,0.005,0.0693,-0.0555,0.0278,-0.0226,0.0302,0.0208
2017-11,0.0407,-0.0065,0.0346,0.0295,0.0104,0.0407,0.0804,0.0246,0.0242,0.0391
2017-12,0.0201,-0.0087,0.0229,0.0501,-0.0016,0.0448,0.0244,-0.0015,-0.0498,0.0141
2018-01,0.0193,0.0266,0.041,0.028,0.0785,0.0316,0.0941,0.0638,-0.0281,0.0578
2018-02,-0.0622,-0.0608,-0.0404,-0.1075,-0.0009,-0.0705,-0.0464,-0.0349,-0.0454,-0.0328
2018-03,-0.0108,-0.0574,-0.0224,0.03,-0.0317,-0.0254,-0.0252,-0.0241,0.0317,-0.0263
2018-04,-0.0398,-0.0007,-0.0342,0.1005,-0.0021,-0.0228,0.0393,-0.0004,0.0278,0.0062
2018-05,-0.0056,0.0297,0.0252,0.0341,0.0681,-0.0083,0.0087,0.0237,0.0022,0.0134
2018-06,0.0455,0.0088,-0.0101,0.0053,-0.004,0.0643,0.0303,0.0148,0.0261,-0.0097
2018-07,0.0286,-0.0163,0.0525,0.0109,0.0245,0.0271,0.0322,0.0592,0.0169,0.0381
2018-08,-0.0115,-0.0072,-0.0035,-0.0284,0.072,0.0291,0.0804,0.045,0.0093,0.0227
2018-09,0.0072,-0.0395,0.0131,0.0337,-0.0014,0.0177,0.006,0.0208,-0.0056,-0.0145
2018-10,-0.0024,-0.0286,-0.0992,-0.1192,-0.0877,-0.0043,-0.0878,-0.0879,-0.0007,-0.0674
2018-11,0.0048,0.0533,0.0464,-0.022,-0.0153,0.0253,0.0247,0.0642,0.0328,0.0281
2018-12,-0.1129,-0.1137,-0.0874,-0.1304,-0.0814,-0.087,-0.0906,-0.0825,-0.0476,-0.1094
2019-01,0.0729,0.1054,0.0972,0.1033,0.0929,0.0544,0.082,0.0532,0.0542,0.098
2019-02,0.0134,0.0375,0.0519,0.0247,0.0576,0.0323,0.0068,0.033,0.0356,0.0296
2019-03,0.0366,-0.0536,-0.0085,0.0202,0.0378,0.0045,0.0343,0.005,0.0333,-0.0147
2019-04,0.0313,0.0333,0.0405,0.0022,0.0585,0.0602,0.0463,-0.0316,0.01,0.0663
2019-05,-0.0562,-0.1243,-0.0916,-0.1183,-0.0844,-0.03,-0.0604,-0.034,-0.0155,-0.0617
2019-06,0.0492,0.1315,0.0807,0.0883,0.0803,0.0514,0.0714,0.0683,0.0364,0.0664
2019-07,0.0175,0.0103,0.0094,-0.0268,0.0347,0.0205,0.0091,-0.0218,-0.0101,0.0186
2019-08,-0.0138,-0.0476,-0.0169,-0.0874,-0.0257,0.0029,0.0012,-0.0064,0.0344,-0.0469
2019-09,0.0187,0.0369,0.0385,0.0368,0.0117,0.0123,0.0086,-0.0098,0.0393,0.0206
2019-10,0.0007,0.0715,0.0008,-0.0207,0.0319,0.0216,0.0078,0.0468,-0.0139,0.0311
2019-11,0.0218,0.0269,0.0328,0.0116,0.0523,0.0249,0.0216,0.0561,-0.0214,0.0507
2019-12,0.035,0.0549,0.0136,0.062,0.0378,0.0102,0.0132,0.0346,0.0411,0.0241
2020-01,-0.0035,0.065,-0.0274,-0.1188,0.0336,-0.021,0.0102,-0.0199,0.0483,-0.0145
2020-02,-0.0867,-0.0716,-0.086,-0.153,-0.0692,-0.0621,-0.0683,-0.0536,-0.0985,-0.0993
2020-03,-0.1138,-0.228,-0.1692,-0.3447,-0.0986,-0.1332,-0.076,-0.0509,-0.1294,-0.1935
2020-04,0.0805,0.2615,0.1087,0.3236,0.1532,0.0953,0.1805,0.1348,0.0508,0.1108
2020-05,0.0326,0.0735,0.058,0.0052,0.0797,0.0479,0.0433,0.0415,0.046,0.0408
2020-06,0.0001,0.147,0.0258,-0.004,0.059,-0.026,0.0428,-0.0145,-0.05,0.0016
2020-07,0.0586,0.1907,0.0457,-0.0477,0.0697,0.0504,0.0947,0.0439,0.0635,0.0353
2020-08,0.0445,0.4197,0.0618,-0.0108,0.1043,0.056,0.0815,0.0235,-0.0224,0.069
2020-09,-0.0207,-0.092,-0.0016,-0.149,-0.052,-0.0198,-0.0386,-0.0146,-0.0032,-0.0293
2020-10,-0.0269,-0.0338,-0.0072,-0.045,-0.0188,-0.0385,-0.0264,-0.044,0.0447,-0.0158
2020-11,0.1002,0.3448,0.1394,0.2849,0.108,0.1448,0.0832,0.0986,0.0268,0.1587
2020-12,0.0491,0.1563,0.0253,0.0627,0.0514,0.0524,0.014,0.047,0.0063,0.0554
2021-01,-0.0415,0.1183,-0.0235,0.0467,0.0059,-0.0352,-0.0016,0.0343,-0.0044,-0.0282
2021-02,0.0132,-0.083,0.0554,0.2336,0.0157,0.0424,-0.0167,-0.0128,-0.0457,0.0971
2021-03,0.0727,0.0069,0.0773,0.0225,0.0072,0.0162,0.057,-0.0008,0.1037,0.0569
2021-04,0.0332,0.0432,0.0247,0.0072,0.0641,0.0306,0.0718,0.0297,0.0397,0.0563
2021-05,0.0197,-0.0546,0.0276,0.0616,-0.0085,-0.0058,-0.0225,-0.0011,-0.0116,0.0287
2021-06,-0.008,0.0568,-0.0101,0.0551,0.0692,0.0002,0.0282,0.0439,-0.0141,-0.0248
2021-07,0.0021,-0.0096,0.0133,-0.0858,0.0338,0.0033,0.0026,0.0292,0.0297,-0.0042
2021-08,-0.0028,0.0178,0.0055,-0.0119,0.0465,0.0134,0.0238,0.0285,0.0323,0.0259
2021-09,-0.0456,0.028,-0.0579,0.1099,-0.0622,-0.0558,-0.042,-0.0601,-0.0486,-0.0226
2021-10,0.0374,0.3086,0.0499,0.1033,0.078,-0.0423,0.0497,0.0225,0.0511,0.0725
2021-11,-0.0387,0.0204,-0.0069,-0.0535,0.0099,-0.0718,0.015,-0.0429,-0.0196,-0.0496
2021-12,0.0806,-0.0469,0.0581,0.031,0.0179,0.0391,0.0136,0.0662,0.0855,0.0488
2022-01,-0.0066,-0.1031,-0.0584,0.1743,-0.0834,-0.0191,-0.0895,-0.0877,-0.021,-0.0322
2022-02,-0.0056,-0.0708,-0.0123,0.0827,-0.0498,0.0027,-0.0152,-0.01,-0.011,-0.0097
2022-03,0.0043,0.1505,0.0092,0.0972,0.0329,-0.0244,0.0302,0.0513,0.0967,0.01
2022-04,0.0226,-0.1696,-0.053,-0.0124,-0.126,-0.1063,-0.0993,-0.0688,-0.0371,-0.0898
2022-05,-0.0163,-0.0904,-0.0038,0.1557,-0.0209,0.0862,-0.0409,0.0096,0.0479,0.0066
2022-06,-0.0391,-0.1189,-0.0945,-0.1652,-0.0831,-0.0665,-0.0772,-0.0201,-0.0654,-0.0976
2022-07,0.0415,0.2765,0.0837,0.1043,0.1177,-0.0004,0.1465,0.0277,0.063,0.0869
2022-08,-0.0182,-0.0581,-0.0348,0.0332,-0.0525,-0.0286,-0.0314,-0.0503,0.0015,-0.0262
2022-09,-0.0835,-0.0655,-0.1154,-0.0914,-0.1142,-0.1385,-0.0763,-0.0191,-0.1162,-0.0805
2022-10,0.0998,-0.0661,0.1221,0.2361,0.0502,0.1058,0.0425,0.088,0.0351,0.1166
2022-11,0.053,-0.081,0.0903,0.0099,0.0528,0.0215,0.0385,0.0535,0.0678,0.0599
2022-12,-0.0266,-0.2807,-0.0235,-0.0417,-0.0792,-0.0681,-0.0797,-0.0174,-0.0121,-0.0537
2023-01,-0.0037,0.2903,0.0593,0.0282,0.0971,0.1353,0.0974,-0.0103,-0.0124,0.0732
2023-02,-0.0218,0.11,-0.0185,-0.0684,-0.0025,-0.065,-0.0465,-0.0429,-0.0532,-0.0268
2023-03,0.0313,-0.0062,0.0037,-0.0032,0.1033,-0.0013,0.0349,0.0249,0.0389,-0.05
2023-04,0.0316,-0.1524,-0.0058,0.0259,0.0026,0.0099,0.0219,0.0412,0.0172,0.0183
2023-05,-0.0535,0.1352,-0.0554,-0.0951,0.0823,-0.094,0.0062,-0.0367,-0.0582,-0.0265
2023-06,0.0284,0.2466,0.1069,0.0642,0.0591,0.0463,0.0789,0.0466,0.0261,0.0744
2023-07,0.0232,0.0273,0.0319,0.0734,0.043,0.0098,0.0228,-0.0011,0.0279,0.0524
2023-08,-0.0377,-0.0431,-0.0237,0.0195,-0.0168,0.0014,-0.004,-0.0022,-0.0529,-0.0335
2023-09,-0.0457,-0.0258,-0.0708,0.0317,-0.0598,-0.0322,-0.0568,-0.0471,-0.0504,-0.0341
2023-10,-0.0353,-0.1788,-0.0276,-0.0624,-0.0178,-0.0018,0.0047,-0.0458,0.0112,-0.0253
2023-11,0.0502,0.1576,0.0868,-0.0129,0.1196,0.0697,0.0718,0.0587,0.0508,0.1041
2023-12,0.0353,0.0661,0.0635,0.0018,0.047,0.0226,0.059,0.069,0.0169,0.0654
2024-01,-0.0177,-0.1791,-0.0122,-0.0011,0.0304,0.0453,0.0128,0.0351,-0.03,0.0104
